poll,group,question,answer,pct,base,source,location,note,source_url
P27,Допускають певні територіальні поступки,Бажані відносини з РФ,"Закриті кордони, візи, митниці",0.73,100% = названа підгрупа; n підгрупи не наведено,K1421,Розділ про прихильників поступок,Опублікований перетин відповідей в одній хвилі,https://www.kiis.com.ua/?cat=reports&id=1421&lang=ukr
P27,Не допускають територіальних поступок,Бажані відносини з РФ,"Закриті кордони, візи, митниці",0.79,100% = названа підгрупа; n підгрупи не наведено,K1421,Розділ про прихильників поступок,Опублікований перетин відповідей в одній хвилі,https://www.kiis.com.ua/?cat=reports&id=1421&lang=ukr
P51,Готові терпіти війну до пів року,Передача Донбасу за гарантії,Приймають,0.54,100% = названа підгрупа; n підгрупи не наведено,K1597,Розріз за готовністю терпіти війну,Опублікований перетин відповідей в одній хвилі,https://www.kiis.com.ua/?cat=reports&id=1597&lang=ukr
P51,Готові терпіти війну до пів року,Передача Донбасу за гарантії,Категорично відкидають,0.4,100% = названа підгрупа; n підгрупи не наведено,K1597,Розріз за готовністю терпіти війну,Опублікований перетин відповідей в одній хвилі,https://www.kiis.com.ua/?cat=reports&id=1597&lang=ukr
P51,Готові терпіти приблизно рік,Передача Донбасу за гарантії,Приймають,0.47,100% = названа підгрупа; n підгрупи не наведено,K1597,Розріз за готовністю терпіти війну,Опублікований перетин відповідей в одній хвилі,https://www.kiis.com.ua/?cat=reports&id=1597&lang=ukr
P51,Готові терпіти приблизно рік,Передача Донбасу за гарантії,Категорично відкидають,0.48,100% = названа підгрупа; n підгрупи не наведено,K1597,Розріз за готовністю терпіти війну,Опублікований перетин відповідей в одній хвилі,https://www.kiis.com.ua/?cat=reports&id=1597&lang=ukr
P51,"Готові терпіти стільки, скільки потрібно",Передача Донбасу за гарантії,Приймають,0.21,100% = названа підгрупа; n підгрупи не наведено,K1597,Розріз за готовністю терпіти війну,Опублікований перетин відповідей в одній хвилі,https://www.kiis.com.ua/?cat=reports&id=1597&lang=ukr
P51,"Готові терпіти стільки, скільки потрібно",Передача Донбасу за гарантії,Категорично відкидають,0.77,100% = названа підгрупа; n підгрупи не наведено,K1597,Розріз за готовністю терпіти війну,Опублікований перетин відповідей в одній хвилі,https://www.kiis.com.ua/?cat=reports&id=1597&lang=ukr
P51,Категорично відкидають передачу Донбасу,Голосування за розмитий комплексний мирний референдум,За,0.54,100% = названа підгрупа; n підгрупи не наведено,K1594,Перехресний аналіз референдуму,У тієї самої людини можуть співіснувати відмова від конкретної поступки й підтримка привабливого абстрактного пакета.,https://www.kiis.com.ua/?cat=reports&id=1594&lang=ukr
P51,Категорично відкидають передачу Донбасу,Голосування за розмитий комплексний мирний референдум,Проти,0.14,100% = названа підгрупа; n підгрупи не наведено,K1594,Перехресний аналіз референдуму,У тієї самої людини можуть співіснувати відмова від конкретної поступки й підтримка привабливого абстрактного пакета.,https://www.kiis.com.ua/?cat=reports&id=1594&lang=ukr
P38,Будь-які компроміси,Юридичне визнання окупованих територій російськими,Прийнятно,0.256,100% = названа підгрупа; n підгрупи не наведено,D23P,Таблиця: загальні компроміси × конкретні вимоги,Опублікований перетин відповідей в одній хвилі,https://dif.org.ua/uploads/pdf/5218145164e3a68337c8b9.90610544.pdf
P38,Будь-які компроміси,Юридичне визнання окупованих територій російськими,Неприйнятно,0.631,100% = названа підгрупа; n підгрупи не наведено,D23P,Таблиця: загальні компроміси × конкретні вимоги,Опублікований перетин відповідей в одній хвилі,https://dif.org.ua/uploads/pdf/5218145164e3a68337c8b9.90610544.pdf
P38,Будь-які компроміси,Юридичне визнання окупованих територій російськими,Не визначилися,0.114,100% = названа підгрупа; n підгрупи не наведено,D23P,Таблиця: загальні компроміси × конкретні вимоги,Опублікований перетин відповідей в одній хвилі,https://dif.org.ua/uploads/pdf/5218145164e3a68337c8b9.90610544.pdf
P38,Лише певні компроміси,Юридичне визнання окупованих територій російськими,Прийнятно,0.05,100% = названа підгрупа; n підгрупи не наведено,D23P,Таблиця: загальні компроміси × конкретні вимоги,Опублікований перетин відповідей в одній хвилі,https://dif.org.ua/uploads/pdf/5218145164e3a68337c8b9.90610544.pdf
P38,Лише певні компроміси,Юридичне визнання окупованих територій російськими,Неприйнятно,0.892,100% = названа підгрупа; n підгрупи не наведено,D23P,Таблиця: загальні компроміси × конкретні вимоги,Опублікований перетин відповідей в одній хвилі,https://dif.org.ua/uploads/pdf/5218145164e3a68337c8b9.90610544.pdf
P38,Лише певні компроміси,Юридичне визнання окупованих територій російськими,Не визначилися,0.058,100% = названа підгрупа; n підгрупи не наведено,D23P,Таблиця: загальні компроміси × конкретні вимоги,Опублікований перетин відповідей в одній хвилі,https://dif.org.ua/uploads/pdf/5218145164e3a68337c8b9.90610544.pdf
P38,Війна лише до перемоги,Юридичне визнання окупованих територій російськими,Прийнятно,0.009,100% = названа підгрупа; n підгрупи не наведено,D23P,Таблиця: загальні компроміси × конкретні вимоги,Опублікований перетин відповідей в одній хвилі,https://dif.org.ua/uploads/pdf/5218145164e3a68337c8b9.90610544.pdf
P38,Війна лише до перемоги,Юридичне визнання окупованих територій російськими,Неприйнятно,0.971,100% = названа підгрупа; n підгрупи не наведено,D23P,Таблиця: загальні компроміси × конкретні вимоги,Опублікований перетин відповідей в одній хвилі,https://dif.org.ua/uploads/pdf/5218145164e3a68337c8b9.90610544.pdf
P38,Війна лише до перемоги,Юридичне визнання окупованих територій російськими,Не визначилися,0.02,100% = названа підгрупа; n підгрупи не наведено,D23P,Таблиця: загальні компроміси × конкретні вимоги,Опублікований перетин відповідей в одній хвилі,https://dif.org.ua/uploads/pdf/5218145164e3a68337c8b9.90610544.pdf
P38,Будь-які компроміси,Відмова від НАТО,Прийнятно,0.557,100% = названа підгрупа; n підгрупи не наведено,D23P,Перехресні таблиці конкретних вимог,Опублікований перетин відповідей в одній хвилі,https://dif.org.ua/uploads/pdf/5218145164e3a68337c8b9.90610544.pdf
P38,Будь-які компроміси,Відмова від НАТО,Неприйнятно,0.341,100% = названа підгрупа; n підгрупи не наведено,D23P,Перехресні таблиці конкретних вимог,Опублікований перетин відповідей в одній хвилі,https://dif.org.ua/uploads/pdf/5218145164e3a68337c8b9.90610544.pdf
P38,Будь-які компроміси,Відмова від НАТО,Не визначилися,0.102,100% = названа підгрупа; n підгрупи не наведено,D23P,Перехресні таблиці конкретних вимог,Опублікований перетин відповідей в одній хвилі,https://dif.org.ua/uploads/pdf/5218145164e3a68337c8b9.90610544.pdf
P38,Будь-які компроміси,Скорочення армії,Прийнятно,0.392,100% = названа підгрупа; n підгрупи не наведено,D23P,Перехресні таблиці конкретних вимог,Опублікований перетин відповідей в одній хвилі,https://dif.org.ua/uploads/pdf/5218145164e3a68337c8b9.90610544.pdf
P38,Будь-які компроміси,Скорочення армії,Неприйнятно,0.477,100% = названа підгрупа; n підгрупи не наведено,D23P,Перехресні таблиці конкретних вимог,Опублікований перетин відповідей в одній хвилі,https://dif.org.ua/uploads/pdf/5218145164e3a68337c8b9.90610544.pdf
P38,Будь-які компроміси,Скорочення армії,Не визначилися,0.131,100% = названа підгрупа; n підгрупи не наведено,D23P,Перехресні таблиці конкретних вимог,Опублікований перетин відповідей в одній хвилі,https://dif.org.ua/uploads/pdf/5218145164e3a68337c8b9.90610544.pdf
P38,Будь-які компроміси,Російська мова,Прийнятно,0.457,100% = названа підгрупа; n підгрупи не наведено,D23P,Перехресні таблиці конкретних вимог,Опублікований перетин відповідей в одній хвилі,https://dif.org.ua/uploads/pdf/5218145164e3a68337c8b9.90610544.pdf
P38,Будь-які компроміси,Російська мова,Неприйнятно,0.406,100% = названа підгрупа; n підгрупи не наведено,D23P,Перехресні таблиці конкретних вимог,Опублікований перетин відповідей в одній хвилі,https://dif.org.ua/uploads/pdf/5218145164e3a68337c8b9.90610544.pdf
P38,Будь-які компроміси,Російська мова,Не визначилися,0.137,100% = названа підгрупа; n підгрупи не наведено,D23P,Перехресні таблиці конкретних вимог,Опублікований перетин відповідей в одній хвилі,https://dif.org.ua/uploads/pdf/5218145164e3a68337c8b9.90610544.pdf
P38,Будь-які компроміси,Скасування декомунізації,Прийнятно,0.411,100% = названа підгрупа; n підгрупи не наведено,D23P,Перехресні таблиці конкретних вимог,Опублікований перетин відповідей в одній хвилі,https://dif.org.ua/uploads/pdf/5218145164e3a68337c8b9.90610544.pdf
P38,Будь-які компроміси,Скасування декомунізації,Неприйнятно,0.349,100% = названа підгрупа; n підгрупи не наведено,D23P,Перехресні таблиці конкретних вимог,Опублікований перетин відповідей в одній хвилі,https://dif.org.ua/uploads/pdf/5218145164e3a68337c8b9.90610544.pdf
P38,Будь-які компроміси,Скасування декомунізації,Не визначилися,0.24,100% = названа підгрупа; n підгрупи не наведено,D23P,Перехресні таблиці конкретних вимог,Опублікований перетин відповідей в одній хвилі,https://dif.org.ua/uploads/pdf/5218145164e3a68337c8b9.90610544.pdf
P40,Підтримують переговори вже зараз,Юридичне визнання окупованих територій російськими,Прийнятно,0.27,100% = названа підгрупа; n підгрупи не наведено,D24C,Авторський аналіз тієї самої хвилі,Опублікований перетин; округлені відсотки. Не переносити його на всіх прихильників переговорів в інших опитуваннях.,https://razumkov.org.ua/statti/viina-khto-vtomyvsia-bilshe
P40,Підтримують переговори вже зараз,Юридичне визнання окупованих територій російськими,Неприйнятно,0.57,100% = названа підгрупа; n підгрупи не наведено,D24C,Авторський аналіз тієї самої хвилі,Опублікований перетин; округлені відсотки. Не переносити його на всіх прихильників переговорів в інших опитуваннях.,https://razumkov.org.ua/statti/viina-khto-vtomyvsia-bilshe
P39,Вимагають передумов до початку переговорів,Яких саме передумов?,Припинити удари по цивільній інфраструктурі,0.538,n=1108; кілька відповідей,D24P,"PDF с.19, Q7","Умовна база 72,8% усіх. Варіанти перетинаються; не сумувати.",https://dif.org.ua/uploads/pdf/131731465867691949dc0107.85784408.pdf
P39,Вимагають передумов до початку переговорів,Яких саме передумов?,Тимчасово припинити вогонь,0.271,n=1108; кілька відповідей,D24P,"PDF с.19, Q7","Умовна база 72,8% усіх. Варіанти перетинаються; не сумувати.",https://dif.org.ua/uploads/pdf/131731465867691949dc0107.85784408.pdf
P39,Вимагають передумов до початку переговорів,Яких саме передумов?,Вийти із ЗАЕС,0.308,n=1108; кілька відповідей,D24P,"PDF с.19, Q7","Умовна база 72,8% усіх. Варіанти перетинаються; не сумувати.",https://dif.org.ua/uploads/pdf/131731465867691949dc0107.85784408.pdf
P39,Вимагають передумов до початку переговорів,Яких саме передумов?,Вивести війська з окупованого після 24.02.2022,0.349,n=1108; кілька відповідей,D24P,"PDF с.19, Q7","Умовна база 72,8% усіх. Варіанти перетинаються; не сумувати.",https://dif.org.ua/uploads/pdf/131731465867691949dc0107.85784408.pdf
P39,Вимагають передумов до початку переговорів,Яких саме передумов?,"Вивести з усього, крім Криму",0.159,n=1108; кілька відповідей,D24P,"PDF с.19, Q7","Умовна база 72,8% усіх. Варіанти перетинаються; не сумувати.",https://dif.org.ua/uploads/pdf/131731465867691949dc0107.85784408.pdf
P39,Вимагають передумов до початку переговорів,Яких саме передумов?,Вивести з усієї території 1991,0.465,n=1108; кілька відповідей,D24P,"PDF с.19, Q7","Умовна база 72,8% усіх. Варіанти перетинаються; не сумувати.",https://dif.org.ua/uploads/pdf/131731465867691949dc0107.85784408.pdf
P17,Вірять у перемогу,Юридичне визнання,Приймають,0.068,База авторської перехресної таблиці; дві відповіді сумуються до 100%,D1P,PDF с.13–14,Імовірно виключено невизначених щодо конкретної поступки; не множити на частку групи без підтвердження знаменника.,https://dif.org.ua/uploads/pdf/5533763386950345db5eb76.75679733.pdf
P17,Вірять у перемогу,Юридичне визнання,Відкидають,0.932,База авторської перехресної таблиці; дві відповіді сумуються до 100%,D1P,PDF с.13–14,Імовірно виключено невизначених щодо конкретної поступки; не множити на частку групи без підтвердження знаменника.,https://dif.org.ua/uploads/pdf/5533763386950345db5eb76.75679733.pdf
P17,Не вірять у перемогу,Юридичне визнання,Приймають,0.385,База авторської перехресної таблиці; дві відповіді сумуються до 100%,D1P,PDF с.13–14,Імовірно виключено невизначених щодо конкретної поступки; не множити на частку групи без підтвердження знаменника.,https://dif.org.ua/uploads/pdf/5533763386950345db5eb76.75679733.pdf
P17,Не вірять у перемогу,Юридичне визнання,Відкидають,0.615,База авторської перехресної таблиці; дві відповіді сумуються до 100%,D1P,PDF с.13–14,Імовірно виключено невизначених щодо конкретної поступки; не множити на частку групи без підтвердження знаменника.,https://dif.org.ua/uploads/pdf/5533763386950345db5eb76.75679733.pdf
P17,Вірять у перемогу,Відмова від НАТО,Приймають,0.266,База авторської перехресної таблиці; дві відповіді сумуються до 100%,D1P,PDF с.13–14,Імовірно виключено невизначених щодо конкретної поступки; не множити на частку групи без підтвердження знаменника.,https://dif.org.ua/uploads/pdf/5533763386950345db5eb76.75679733.pdf
P17,Вірять у перемогу,Відмова від НАТО,Відкидають,0.734,База авторської перехресної таблиці; дві відповіді сумуються до 100%,D1P,PDF с.13–14,Імовірно виключено невизначених щодо конкретної поступки; не множити на частку групи без підтвердження знаменника.,https://dif.org.ua/uploads/pdf/5533763386950345db5eb76.75679733.pdf
P17,Не вірять у перемогу,Відмова від НАТО,Приймають,0.703,База авторської перехресної таблиці; дві відповіді сумуються до 100%,D1P,PDF с.13–14,Імовірно виключено невизначених щодо конкретної поступки; не множити на частку групи без підтвердження знаменника.,https://dif.org.ua/uploads/pdf/5533763386950345db5eb76.75679733.pdf
P17,Не вірять у перемогу,Відмова від НАТО,Відкидають,0.297,База авторської перехресної таблиці; дві відповіді сумуються до 100%,D1P,PDF с.13–14,Імовірно виключено невизначених щодо конкретної поступки; не множити на частку групи без підтвердження знаменника.,https://dif.org.ua/uploads/pdf/5533763386950345db5eb76.75679733.pdf
P17,Вірять у перемогу,Обмеження армії,Приймають,0.134,База авторської перехресної таблиці; дві відповіді сумуються до 100%,D1P,PDF с.13–14,Імовірно виключено невизначених щодо конкретної поступки; не множити на частку групи без підтвердження знаменника.,https://dif.org.ua/uploads/pdf/5533763386950345db5eb76.75679733.pdf
P17,Вірять у перемогу,Обмеження армії,Відкидають,0.866,База авторської перехресної таблиці; дві відповіді сумуються до 100%,D1P,PDF с.13–14,Імовірно виключено невизначених щодо конкретної поступки; не множити на частку групи без підтвердження знаменника.,https://dif.org.ua/uploads/pdf/5533763386950345db5eb76.75679733.pdf
P17,Не вірять у перемогу,Обмеження армії,Приймають,0.442,База авторської перехресної таблиці; дві відповіді сумуються до 100%,D1P,PDF с.13–14,Імовірно виключено невизначених щодо конкретної поступки; не множити на частку групи без підтвердження знаменника.,https://dif.org.ua/uploads/pdf/5533763386950345db5eb76.75679733.pdf
P17,Не вірять у перемогу,Обмеження армії,Відкидають,0.558,База авторської перехресної таблиці; дві відповіді сумуються до 100%,D1P,PDF с.13–14,Імовірно виключено невизначених щодо конкретної поступки; не множити на частку групи без підтвердження знаменника.,https://dif.org.ua/uploads/pdf/5533763386950345db5eb76.75679733.pdf
P35,"Вважають, що слід завершувати війну переговорами",Чи допустимі територіальні поступки?,Так,0.52,Лише прихильники переговорів; у статті не деталізовано прив’язку follow-up до двох хвиль,G24,Follow-up question,52% прихильників переговорів ≠ 52% населення. Загальні 52% — середнє двох хвиль; механічне множення не виконано.,https://news.gallup.com/poll/653495/half-ukrainians-quick-negotiated-end-war.aspx
P35,"Вважають, що слід завершувати війну переговорами",Чи допустимі територіальні поступки?,Ні,0.38,Лише прихильники переговорів; у статті не деталізовано прив’язку follow-up до двох хвиль,G24,Follow-up question,52% прихильників переговорів ≠ 52% населення. Загальні 52% — середнє двох хвиль; механічне множення не виконано.,https://news.gallup.com/poll/653495/half-ukrainians-quick-negotiated-end-war.aspx
P35,"Вважають, що слід завершувати війну переговорами",Чи допустимі територіальні поступки?,Не визначилися,0.1,Лише прихильники переговорів; у статті не деталізовано прив’язку follow-up до двох хвиль,G24,Follow-up question,52% прихильників переговорів ≠ 52% населення. Загальні 52% — середнє двох хвиль; механічне множення не виконано.,https://news.gallup.com/poll/653495/half-ukrainians-quick-negotiated-end-war.aspx
P70,Проти вступу в переговори,За яких умов змінили б думку?,За жодних обставин,0.37,"Лише 54%, які проти переговорів; кілька відповідей",C24P,PDF с.16,"37% — умовна частка серед противників переговорів. Орієнтовний добуток 54%×37%=20% усіх — похідна оцінка цієї хвилі, не актуальна частка 2026 року.",https://assets.carnegieendowment.org/static/files/Carnegie_survey_Ukraine_war_Ukrainian_public_opinion_March_2024.pdf
P70,Проти вступу в переговори,За яких умов змінили б думку?,Виведення РФ до лінії лютого 2022,0.28,"Лише 54%, які проти переговорів; кілька відповідей",C24P,PDF с.16,"37% — умовна частка серед противників переговорів. Орієнтовний добуток 54%×37%=20% усіх — похідна оцінка цієї хвилі, не актуальна частка 2026 року.",https://assets.carnegieendowment.org/static/files/Carnegie_survey_Ukraine_war_Ukrainian_public_opinion_March_2024.pdf
P70,Проти вступу в переговори,За яких умов змінили б думку?,Зміна режиму РФ,0.18,"Лише 54%, які проти переговорів; кілька відповідей",C24P,PDF с.16,"37% — умовна частка серед противників переговорів. Орієнтовний добуток 54%×37%=20% усіх — похідна оцінка цієї хвилі, не актуальна частка 2026 року.",https://assets.carnegieendowment.org/static/files/Carnegie_survey_Ukraine_war_Ukrainian_public_opinion_March_2024.pdf
P70,Проти вступу в переговори,За яких умов змінили б думку?,Припинення допомоги партнерів,0.1,"Лише 54%, які проти переговорів; кілька відповідей",C24P,PDF с.16,"37% — умовна частка серед противників переговорів. Орієнтовний добуток 54%×37%=20% усіх — похідна оцінка цієї хвилі, не актуальна частка 2026 року.",https://assets.carnegieendowment.org/static/files/Carnegie_survey_Ukraine_war_Ukrainian_public_opinion_March_2024.pdf
P70,Проти вступу в переговори,За яких умов змінили б думку?,Ще кілька років війни,0.04,"Лише 54%, які проти переговорів; кілька відповідей",C24P,PDF с.16,"37% — умовна частка серед противників переговорів. Орієнтовний добуток 54%×37%=20% усіх — похідна оцінка цієї хвилі, не актуальна частка 2026 року.",https://assets.carnegieendowment.org/static/files/Carnegie_survey_Ukraine_war_Ukrainian_public_opinion_March_2024.pdf
P114,18–35,Чи підтримуєте Ви ідею проведення Всеукраїнського референдуму про завершення війни під час війни?,Однозначно підтримую,0.3,100% = підгрупа 18–35; n=696 (зважена база за с.3),IR26JP,С.54; бази с.3,Прямий демографічний перетин; не перетин двох мирних позицій. Регіон = поточне місце проживання; похибка підгрупи більша за загальну.,https://www.iri.org/wp-content/uploads/2026/06/UKR-26-NS-02-PT-UA-Public.pdf
P114,18–35,Чи підтримуєте Ви ідею проведення Всеукраїнського референдуму про завершення війни під час війни?,Скоріше підтримую,0.33,100% = підгрупа 18–35; n=696 (зважена база за с.3),IR26JP,С.54; бази с.3,Прямий демографічний перетин; не перетин двох мирних позицій. Регіон = поточне місце проживання; похибка підгрупи більша за загальну.,https://www.iri.org/wp-content/uploads/2026/06/UKR-26-NS-02-PT-UA-Public.pdf
P114,18–35,Чи підтримуєте Ви ідею проведення Всеукраїнського референдуму про завершення війни під час війни?,Скоріше не підтримую,0.16,100% = підгрупа 18–35; n=696 (зважена база за с.3),IR26JP,С.54; бази с.3,Прямий демографічний перетин; не перетин двох мирних позицій. Регіон = поточне місце проживання; похибка підгрупи більша за загальну.,https://www.iri.org/wp-content/uploads/2026/06/UKR-26-NS-02-PT-UA-Public.pdf
P114,18–35,Чи підтримуєте Ви ідею проведення Всеукраїнського референдуму про завершення війни під час війни?,Однозначно не підтримую,0.13,100% = підгрупа 18–35; n=696 (зважена база за с.3),IR26JP,С.54; бази с.3,Прямий демографічний перетин; не перетин двох мирних позицій. Регіон = поточне місце проживання; похибка підгрупи більша за загальну.,https://www.iri.org/wp-content/uploads/2026/06/UKR-26-NS-02-PT-UA-Public.pdf
P114,18–35,Чи підтримуєте Ви ідею проведення Всеукраїнського референдуму про завершення війни під час війни?,Важко відповісти / немає відповіді,0.08,100% = підгрупа 18–35; n=696 (зважена база за с.3),IR26JP,С.54; бази с.3,Прямий демографічний перетин; не перетин двох мирних позицій. Регіон = поточне місце проживання; похибка підгрупи більша за загальну.,https://www.iri.org/wp-content/uploads/2026/06/UKR-26-NS-02-PT-UA-Public.pdf
P114,36–50,Чи підтримуєте Ви ідею проведення Всеукраїнського референдуму про завершення війни під час війни?,Однозначно підтримую,0.26,100% = підгрупа 36–50; n=655 (зважена база за с.3),IR26JP,С.54; бази с.3,Прямий демографічний перетин; не перетин двох мирних позицій. Регіон = поточне місце проживання; похибка підгрупи більша за загальну.,https://www.iri.org/wp-content/uploads/2026/06/UKR-26-NS-02-PT-UA-Public.pdf
P114,36–50,Чи підтримуєте Ви ідею проведення Всеукраїнського референдуму про завершення війни під час війни?,Скоріше підтримую,0.23,100% = підгрупа 36–50; n=655 (зважена база за с.3),IR26JP,С.54; бази с.3,Прямий демографічний перетин; не перетин двох мирних позицій. Регіон = поточне місце проживання; похибка підгрупи більша за загальну.,https://www.iri.org/wp-content/uploads/2026/06/UKR-26-NS-02-PT-UA-Public.pdf
P114,36–50,Чи підтримуєте Ви ідею проведення Всеукраїнського референдуму про завершення війни під час війни?,Скоріше не підтримую,0.17,100% = підгрупа 36–50; n=655 (зважена база за с.3),IR26JP,С.54; бази с.3,Прямий демографічний перетин; не перетин двох мирних позицій. Регіон = поточне місце проживання; похибка підгрупи більша за загальну.,https://www.iri.org/wp-content/uploads/2026/06/UKR-26-NS-02-PT-UA-Public.pdf
P114,36–50,Чи підтримуєте Ви ідею проведення Всеукраїнського референдуму про завершення війни під час війни?,Однозначно не підтримую,0.24,100% = підгрупа 36–50; n=655 (зважена база за с.3),IR26JP,С.54; бази с.3,Прямий демографічний перетин; не перетин двох мирних позицій. Регіон = поточне місце проживання; похибка підгрупи більша за загальну.,https://www.iri.org/wp-content/uploads/2026/06/UKR-26-NS-02-PT-UA-Public.pdf
P114,36–50,Чи підтримуєте Ви ідею проведення Всеукраїнського референдуму про завершення війни під час війни?,Важко відповісти / немає відповіді,0.1,100% = підгрупа 36–50; n=655 (зважена база за с.3),IR26JP,С.54; бази с.3,Прямий демографічний перетин; не перетин двох мирних позицій. Регіон = поточне місце проживання; похибка підгрупи більша за загальну.,https://www.iri.org/wp-content/uploads/2026/06/UKR-26-NS-02-PT-UA-Public.pdf
P114,51+,Чи підтримуєте Ви ідею проведення Всеукраїнського референдуму про завершення війни під час війни?,Однозначно підтримую,0.25,100% = підгрупа 51+; n=1053 (зважена база за с.3),IR26JP,С.54; бази с.3,Прямий демографічний перетин; не перетин двох мирних позицій. Регіон = поточне місце проживання; похибка підгрупи більша за загальну.,https://www.iri.org/wp-content/uploads/2026/06/UKR-26-NS-02-PT-UA-Public.pdf
P114,51+,Чи підтримуєте Ви ідею проведення Всеукраїнського референдуму про завершення війни під час війни?,Скоріше підтримую,0.21,100% = підгрупа 51+; n=1053 (зважена база за с.3),IR26JP,С.54; бази с.3,Прямий демографічний перетин; не перетин двох мирних позицій. Регіон = поточне місце проживання; похибка підгрупи більша за загальну.,https://www.iri.org/wp-content/uploads/2026/06/UKR-26-NS-02-PT-UA-Public.pdf
P114,51+,Чи підтримуєте Ви ідею проведення Всеукраїнського референдуму про завершення війни під час війни?,Скоріше не підтримую,0.13,100% = підгрупа 51+; n=1053 (зважена база за с.3),IR26JP,С.54; бази с.3,Прямий демографічний перетин; не перетин двох мирних позицій. Регіон = поточне місце проживання; похибка підгрупи більша за загальну.,https://www.iri.org/wp-content/uploads/2026/06/UKR-26-NS-02-PT-UA-Public.pdf
P114,51+,Чи підтримуєте Ви ідею проведення Всеукраїнського референдуму про завершення війни під час війни?,Однозначно не підтримую,0.33,100% = підгрупа 51+; n=1053 (зважена база за с.3),IR26JP,С.54; бази с.3,Прямий демографічний перетин; не перетин двох мирних позицій. Регіон = поточне місце проживання; похибка підгрупи більша за загальну.,https://www.iri.org/wp-content/uploads/2026/06/UKR-26-NS-02-PT-UA-Public.pdf
P114,51+,Чи підтримуєте Ви ідею проведення Всеукраїнського референдуму про завершення війни під час війни?,Важко відповісти / немає відповіді,0.09,100% = підгрупа 51+; n=1053 (зважена база за с.3),IR26JP,С.54; бази с.3,Прямий демографічний перетин; не перетин двох мирних позицій. Регіон = поточне місце проживання; похибка підгрупи більша за загальну.,https://www.iri.org/wp-content/uploads/2026/06/UKR-26-NS-02-PT-UA-Public.pdf
P114,Захід,Чи підтримуєте Ви ідею проведення Всеукраїнського референдуму про завершення війни під час війни?,Однозначно підтримую,0.24,100% = підгрупа Захід; n=719 (зважена база за с.3),IR26JP,С.54; бази с.3,Прямий демографічний перетин; не перетин двох мирних позицій. Регіон = поточне місце проживання; похибка підгрупи більша за загальну.,https://www.iri.org/wp-content/uploads/2026/06/UKR-26-NS-02-PT-UA-Public.pdf
P114,Захід,Чи підтримуєте Ви ідею проведення Всеукраїнського референдуму про завершення війни під час війни?,Скоріше підтримую,0.26,100% = підгрупа Захід; n=719 (зважена база за с.3),IR26JP,С.54; бази с.3,Прямий демографічний перетин; не перетин двох мирних позицій. Регіон = поточне місце проживання; похибка підгрупи більша за загальну.,https://www.iri.org/wp-content/uploads/2026/06/UKR-26-NS-02-PT-UA-Public.pdf
P114,Захід,Чи підтримуєте Ви ідею проведення Всеукраїнського референдуму про завершення війни під час війни?,Скоріше не підтримую,0.14,100% = підгрупа Захід; n=719 (зважена база за с.3),IR26JP,С.54; бази с.3,Прямий демографічний перетин; не перетин двох мирних позицій. Регіон = поточне місце проживання; похибка підгрупи більша за загальну.,https://www.iri.org/wp-content/uploads/2026/06/UKR-26-NS-02-PT-UA-Public.pdf
P114,Захід,Чи підтримуєте Ви ідею проведення Всеукраїнського референдуму про завершення війни під час війни?,Однозначно не підтримую,0.27,100% = підгрупа Захід; n=719 (зважена база за с.3),IR26JP,С.54; бази с.3,Прямий демографічний перетин; не перетин двох мирних позицій. Регіон = поточне місце проживання; похибка підгрупи більша за загальну.,https://www.iri.org/wp-content/uploads/2026/06/UKR-26-NS-02-PT-UA-Public.pdf
P114,Захід,Чи підтримуєте Ви ідею проведення Всеукраїнського референдуму про завершення війни під час війни?,Важко відповісти / немає відповіді,0.09,100% = підгрупа Захід; n=719 (зважена база за с.3),IR26JP,С.54; бази с.3,Прямий демографічний перетин; не перетин двох мирних позицій. Регіон = поточне місце проживання; похибка підгрупи більша за загальну.,https://www.iri.org/wp-content/uploads/2026/06/UKR-26-NS-02-PT-UA-Public.pdf
P114,Центр,Чи підтримуєте Ви ідею проведення Всеукраїнського референдуму про завершення війни під час війни?,Однозначно підтримую,0.27,100% = підгрупа Центр; n=940 (зважена база за с.3),IR26JP,С.54; бази с.3,Прямий демографічний перетин; не перетин двох мирних позицій. Регіон = поточне місце проживання; похибка підгрупи більша за загальну.,https://www.iri.org/wp-content/uploads/2026/06/UKR-26-NS-02-PT-UA-Public.pdf
P114,Центр,Чи підтримуєте Ви ідею проведення Всеукраїнського референдуму про завершення війни під час війни?,Скоріше підтримую,0.24,100% = підгрупа Центр; n=940 (зважена база за с.3),IR26JP,С.54; бази с.3,Прямий демографічний перетин; не перетин двох мирних позицій. Регіон = поточне місце проживання; похибка підгрупи більша за загальну.,https://www.iri.org/wp-content/uploads/2026/06/UKR-26-NS-02-PT-UA-Public.pdf
P114,Центр,Чи підтримуєте Ви ідею проведення Всеукраїнського референдуму про завершення війни під час війни?,Скоріше не підтримую,0.15,100% = підгрупа Центр; n=940 (зважена база за с.3),IR26JP,С.54; бази с.3,Прямий демографічний перетин; не перетин двох мирних позицій. Регіон = поточне місце проживання; похибка підгрупи більша за загальну.,https://www.iri.org/wp-content/uploads/2026/06/UKR-26-NS-02-PT-UA-Public.pdf
P114,Центр,Чи підтримуєте Ви ідею проведення Всеукраїнського референдуму про завершення війни під час війни?,Однозначно не підтримую,0.25,100% = підгрупа Центр; n=940 (зважена база за с.3),IR26JP,С.54; бази с.3,Прямий демографічний перетин; не перетин двох мирних позицій. Регіон = поточне місце проживання; похибка підгрупи більша за загальну.,https://www.iri.org/wp-content/uploads/2026/06/UKR-26-NS-02-PT-UA-Public.pdf
P114,Центр,Чи підтримуєте Ви ідею проведення Всеукраїнського референдуму про завершення війни під час війни?,Важко відповісти / немає відповіді,0.09,100% = підгрупа Центр; n=940 (зважена база за с.3),IR26JP,С.54; бази с.3,Прямий демографічний перетин; не перетин двох мирних позицій. Регіон = поточне місце проживання; похибка підгрупи більша за загальну.,https://www.iri.org/wp-content/uploads/2026/06/UKR-26-NS-02-PT-UA-Public.pdf
P114,Південь,Чи підтримуєте Ви ідею проведення Всеукраїнського референдуму про завершення війни під час війни?,Однозначно підтримую,0.29,100% = підгрупа Південь; n=561 (зважена база за с.3),IR26JP,С.54; бази с.3,Прямий демографічний перетин; не перетин двох мирних позицій. Регіон = поточне місце проживання; похибка підгрупи більша за загальну.,https://www.iri.org/wp-content/uploads/2026/06/UKR-26-NS-02-PT-UA-Public.pdf
P114,Південь,Чи підтримуєте Ви ідею проведення Всеукраїнського референдуму про завершення війни під час війни?,Скоріше підтримую,0.26,100% = підгрупа Південь; n=561 (зважена база за с.3),IR26JP,С.54; бази с.3,Прямий демографічний перетин; не перетин двох мирних позицій. Регіон = поточне місце проживання; похибка підгрупи більша за загальну.,https://www.iri.org/wp-content/uploads/2026/06/UKR-26-NS-02-PT-UA-Public.pdf
P114,Південь,Чи підтримуєте Ви ідею проведення Всеукраїнського референдуму про завершення війни під час війни?,Скоріше не підтримую,0.15,100% = підгрупа Південь; n=561 (зважена база за с.3),IR26JP,С.54; бази с.3,Прямий демографічний перетин; не перетин двох мирних позицій. Регіон = поточне місце проживання; похибка підгрупи більша за загальну.,https://www.iri.org/wp-content/uploads/2026/06/UKR-26-NS-02-PT-UA-Public.pdf
P114,Південь,Чи підтримуєте Ви ідею проведення Всеукраїнського референдуму про завершення війни під час війни?,Однозначно не підтримую,0.21,100% = підгрупа Південь; n=561 (зважена база за с.3),IR26JP,С.54; бази с.3,Прямий демографічний перетин; не перетин двох мирних позицій. Регіон = поточне місце проживання; похибка підгрупи більша за загальну.,https://www.iri.org/wp-content/uploads/2026/06/UKR-26-NS-02-PT-UA-Public.pdf
P114,Південь,Чи підтримуєте Ви ідею проведення Всеукраїнського референдуму про завершення війни під час війни?,Важко відповісти / немає відповіді,0.1,100% = підгрупа Південь; n=561 (зважена база за с.3),IR26JP,С.54; бази с.3,Прямий демографічний перетин; не перетин двох мирних позицій. Регіон = поточне місце проживання; похибка підгрупи більша за загальну.,https://www.iri.org/wp-content/uploads/2026/06/UKR-26-NS-02-PT-UA-Public.pdf
P114,Схід,Чи підтримуєте Ви ідею проведення Всеукраїнського референдуму про завершення війни під час війни?,Однозначно підтримую,0.28,100% = підгрупа Схід; n=183 (зважена база за с.3),IR26JP,С.54; бази с.3,Прямий демографічний перетин; не перетин двох мирних позицій. Регіон = поточне місце проживання; похибка підгрупи більша за загальну.,https://www.iri.org/wp-content/uploads/2026/06/UKR-26-NS-02-PT-UA-Public.pdf
P114,Схід,Чи підтримуєте Ви ідею проведення Всеукраїнського референдуму про завершення війни під час війни?,Скоріше підтримую,0.24,100% = підгрупа Схід; n=183 (зважена база за с.3),IR26JP,С.54; бази с.3,Прямий демографічний перетин; не перетин двох мирних позицій. Регіон = поточне місце проживання; похибка підгрупи більша за загальну.,https://www.iri.org/wp-content/uploads/2026/06/UKR-26-NS-02-PT-UA-Public.pdf
P114,Схід,Чи підтримуєте Ви ідею проведення Всеукраїнського референдуму про завершення війни під час війни?,Скоріше не підтримую,0.16,100% = підгрупа Схід; n=183 (зважена база за с.3),IR26JP,С.54; бази с.3,Прямий демографічний перетин; не перетин двох мирних позицій. Регіон = поточне місце проживання; похибка підгрупи більша за загальну.,https://www.iri.org/wp-content/uploads/2026/06/UKR-26-NS-02-PT-UA-Public.pdf
P114,Схід,Чи підтримуєте Ви ідею проведення Всеукраїнського референдуму про завершення війни під час війни?,Однозначно не підтримую,0.23,100% = підгрупа Схід; n=183 (зважена база за с.3),IR26JP,С.54; бази с.3,Прямий демографічний перетин; не перетин двох мирних позицій. Регіон = поточне місце проживання; похибка підгрупи більша за загальну.,https://www.iri.org/wp-content/uploads/2026/06/UKR-26-NS-02-PT-UA-Public.pdf
P114,Схід,Чи підтримуєте Ви ідею проведення Всеукраїнського референдуму про завершення війни під час війни?,Важко відповісти / немає відповіді,0.09,100% = підгрупа Схід; n=183 (зважена база за с.3),IR26JP,С.54; бази с.3,Прямий демографічний перетин; не перетин двох мирних позицій. Регіон = поточне місце проживання; похибка підгрупи більша за загальну.,https://www.iri.org/wp-content/uploads/2026/06/UKR-26-NS-02-PT-UA-Public.pdf
P119,Захід,Скільки ще часу Ви готові терпіти війну?,Декілька місяців-пів року,0.21,100% = респонденти відповідного макрорегіону; n підгрупи не наведено,K1639,"Таблиця 2, рядки «Вересень 2026 року»; склад макрорегіонів — примітка 3","Прямий регіональний розподіл, не перетин двох ставлень. Похибка підгруп більша за загальну; округлення збережено.",https://kiis.com.ua/?lang=ukr&cat=reports&id=1639&page=1
P119,Захід,Скільки ще часу Ви готові терпіти війну?,1 рік,0.03,100% = респонденти відповідного макрорегіону; n підгрупи не наведено,K1639,"Таблиця 2, рядки «Вересень 2026 року»; склад макрорегіонів — примітка 3","Прямий регіональний розподіл, не перетин двох ставлень. Похибка підгруп більша за загальну; округлення збережено.",https://kiis.com.ua/?lang=ukr&cat=reports&id=1639&page=1
P119,Захід,Скільки ще часу Ви готові терпіти війну?,"Стільки, скільки потрібно буде",0.61,100% = респонденти відповідного макрорегіону; n підгрупи не наведено,K1639,"Таблиця 2, рядки «Вересень 2026 року»; склад макрорегіонів — примітка 3","Прямий регіональний розподіл, не перетин двох ставлень. Похибка підгруп більша за загальну; округлення збережено.",https://kiis.com.ua/?lang=ukr&cat=reports&id=1639&page=1
P119,Захід,Скільки ще часу Ви готові терпіти війну?,Важко сказати,0.15,100% = респонденти відповідного макрорегіону; n підгрупи не наведено,K1639,"Таблиця 2, рядки «Вересень 2026 року»; склад макрорегіонів — примітка 3","Прямий регіональний розподіл, не перетин двох ставлень. Похибка підгруп більша за загальну; округлення збережено.",https://kiis.com.ua/?lang=ukr&cat=reports&id=1639&page=1
P119,м. Київ,Скільки ще часу Ви готові терпіти війну?,Декілька місяців-пів року,0.15,100% = респонденти відповідного макрорегіону; n підгрупи не наведено,K1639,"Таблиця 2, рядки «Вересень 2026 року»; склад макрорегіонів — примітка 3","Прямий регіональний розподіл, не перетин двох ставлень. Похибка підгруп більша за загальну; округлення збережено.",https://kiis.com.ua/?lang=ukr&cat=reports&id=1639&page=1
P119,м. Київ,Скільки ще часу Ви готові терпіти війну?,1 рік,0.08,100% = респонденти відповідного макрорегіону; n підгрупи не наведено,K1639,"Таблиця 2, рядки «Вересень 2026 року»; склад макрорегіонів — примітка 3","Прямий регіональний розподіл, не перетин двох ставлень. Похибка підгруп більша за загальну; округлення збережено.",https://kiis.com.ua/?lang=ukr&cat=reports&id=1639&page=1
P119,м. Київ,Скільки ще часу Ви готові терпіти війну?,"Стільки, скільки потрібно буде",0.72,100% = респонденти відповідного макрорегіону; n підгрупи не наведено,K1639,"Таблиця 2, рядки «Вересень 2026 року»; склад макрорегіонів — примітка 3","Прямий регіональний розподіл, не перетин двох ставлень. Похибка підгруп більша за загальну; округлення збережено.",https://kiis.com.ua/?lang=ukr&cat=reports&id=1639&page=1
P119,м. Київ,Скільки ще часу Ви готові терпіти війну?,Важко сказати,0.04,100% = респонденти відповідного макрорегіону; n підгрупи не наведено,K1639,"Таблиця 2, рядки «Вересень 2026 року»; склад макрорегіонів — примітка 3","Прямий регіональний розподіл, не перетин двох ставлень. Похибка підгруп більша за загальну; округлення збережено.",https://kiis.com.ua/?lang=ukr&cat=reports&id=1639&page=1
P119,Центр / Північ,Скільки ще часу Ви готові терпіти війну?,Декілька місяців-пів року,0.27,100% = респонденти відповідного макрорегіону; n підгрупи не наведено,K1639,"Таблиця 2, рядки «Вересень 2026 року»; склад макрорегіонів — примітка 3","Прямий регіональний розподіл, не перетин двох ставлень. Похибка підгруп більша за загальну; округлення збережено.",https://kiis.com.ua/?lang=ukr&cat=reports&id=1639&page=1
P119,Центр / Північ,Скільки ще часу Ви готові терпіти війну?,1 рік,0.05,100% = респонденти відповідного макрорегіону; n підгрупи не наведено,K1639,"Таблиця 2, рядки «Вересень 2026 року»; склад макрорегіонів — примітка 3","Прямий регіональний розподіл, не перетин двох ставлень. Похибка підгруп більша за загальну; округлення збережено.",https://kiis.com.ua/?lang=ukr&cat=reports&id=1639&page=1
P119,Центр / Північ,Скільки ще часу Ви готові терпіти війну?,"Стільки, скільки потрібно буде",0.61,100% = респонденти відповідного макрорегіону; n підгрупи не наведено,K1639,"Таблиця 2, рядки «Вересень 2026 року»; склад макрорегіонів — примітка 3","Прямий регіональний розподіл, не перетин двох ставлень. Похибка підгруп більша за загальну; округлення збережено.",https://kiis.com.ua/?lang=ukr&cat=reports&id=1639&page=1
P119,Центр / Північ,Скільки ще часу Ви готові терпіти війну?,Важко сказати,0.07,100% = респонденти відповідного макрорегіону; n підгрупи не наведено,K1639,"Таблиця 2, рядки «Вересень 2026 року»; склад макрорегіонів — примітка 3","Прямий регіональний розподіл, не перетин двох ставлень. Похибка підгруп більша за загальну; округлення збережено.",https://kiis.com.ua/?lang=ukr&cat=reports&id=1639&page=1
P119,Південь,Скільки ще часу Ви готові терпіти війну?,Декілька місяців-пів року,0.23,100% = респонденти відповідного макрорегіону; n підгрупи не наведено,K1639,"Таблиця 2, рядки «Вересень 2026 року»; склад макрорегіонів — примітка 3","Прямий регіональний розподіл, не перетин двох ставлень. Похибка підгруп більша за загальну; округлення збережено.",https://kiis.com.ua/?lang=ukr&cat=reports&id=1639&page=1
P119,Південь,Скільки ще часу Ви готові терпіти війну?,1 рік,0.05,100% = респонденти відповідного макрорегіону; n підгрупи не наведено,K1639,"Таблиця 2, рядки «Вересень 2026 року»; склад макрорегіонів — примітка 3","Прямий регіональний розподіл, не перетин двох ставлень. Похибка підгруп більша за загальну; округлення збережено.",https://kiis.com.ua/?lang=ukr&cat=reports&id=1639&page=1
P119,Південь,Скільки ще часу Ви готові терпіти війну?,"Стільки, скільки потрібно буде",0.55,100% = респонденти відповідного макрорегіону; n підгрупи не наведено,K1639,"Таблиця 2, рядки «Вересень 2026 року»; склад макрорегіонів — примітка 3","Прямий регіональний розподіл, не перетин двох ставлень. Похибка підгруп більша за загальну; округлення збережено.",https://kiis.com.ua/?lang=ukr&cat=reports&id=1639&page=1
P119,Південь,Скільки ще часу Ви готові терпіти війну?,Важко сказати,0.17,100% = респонденти відповідного макрорегіону; n підгрупи не наведено,K1639,"Таблиця 2, рядки «Вересень 2026 року»; склад макрорегіонів — примітка 3","Прямий регіональний розподіл, не перетин двох ставлень. Похибка підгруп більша за загальну; округлення збережено.",https://kiis.com.ua/?lang=ukr&cat=reports&id=1639&page=1
P119,Нижнє Подніпров’я,Скільки ще часу Ви готові терпіти війну?,Декілька місяців-пів року,0.2,100% = респонденти відповідного макрорегіону; n підгрупи не наведено,K1639,"Таблиця 2, рядки «Вересень 2026 року»; склад макрорегіонів — примітка 3","Прямий регіональний розподіл, не перетин двох ставлень. Похибка підгруп більша за загальну; округлення збережено.",https://kiis.com.ua/?lang=ukr&cat=reports&id=1639&page=1
P119,Нижнє Подніпров’я,Скільки ще часу Ви готові терпіти війну?,1 рік,0.04,100% = респонденти відповідного макрорегіону; n підгрупи не наведено,K1639,"Таблиця 2, рядки «Вересень 2026 року»; склад макрорегіонів — примітка 3","Прямий регіональний розподіл, не перетин двох ставлень. Похибка підгруп більша за загальну; округлення збережено.",https://kiis.com.ua/?lang=ukr&cat=reports&id=1639&page=1
P119,Нижнє Подніпров’я,Скільки ще часу Ви готові терпіти війну?,"Стільки, скільки потрібно буде",0.66,100% = респонденти відповідного макрорегіону; n підгрупи не наведено,K1639,"Таблиця 2, рядки «Вересень 2026 року»; склад макрорегіонів — примітка 3","Прямий регіональний розподіл, не перетин двох ставлень. Похибка підгруп більша за загальну; округлення збережено.",https://kiis.com.ua/?lang=ukr&cat=reports&id=1639&page=1
P119,Нижнє Подніпров’я,Скільки ще часу Ви готові терпіти війну?,Важко сказати,0.1,100% = респонденти відповідного макрорегіону; n підгрупи не наведено,K1639,"Таблиця 2, рядки «Вересень 2026 року»; склад макрорегіонів — примітка 3","Прямий регіональний розподіл, не перетин двох ставлень. Похибка підгруп більша за загальну; округлення збережено.",https://kiis.com.ua/?lang=ukr&cat=reports&id=1639&page=1
P119,Схід,Скільки ще часу Ви готові терпіти війну?,Декілька місяців-пів року,0.34,100% = респонденти відповідного макрорегіону; n підгрупи не наведено,K1639,"Таблиця 2, рядки «Вересень 2026 року»; склад макрорегіонів — примітка 3","Прямий регіональний розподіл, не перетин двох ставлень. Похибка підгруп більша за загальну; округлення збережено.",https://kiis.com.ua/?lang=ukr&cat=reports&id=1639&page=1
P119,Схід,Скільки ще часу Ви готові терпіти війну?,1 рік,0.02,100% = респонденти відповідного макрорегіону; n підгрупи не наведено,K1639,"Таблиця 2, рядки «Вересень 2026 року»; склад макрорегіонів — примітка 3","Прямий регіональний розподіл, не перетин двох ставлень. Похибка підгруп більша за загальну; округлення збережено.",https://kiis.com.ua/?lang=ukr&cat=reports&id=1639&page=1
P119,Схід,Скільки ще часу Ви готові терпіти війну?,"Стільки, скільки потрібно буде",0.56,100% = респонденти відповідного макрорегіону; n підгрупи не наведено,K1639,"Таблиця 2, рядки «Вересень 2026 року»; склад макрорегіонів — примітка 3","Прямий регіональний розподіл, не перетин двох ставлень. Похибка підгруп більша за загальну; округлення збережено.",https://kiis.com.ua/?lang=ukr&cat=reports&id=1639&page=1
P119,Схід,Скільки ще часу Ви готові терпіти війну?,Важко сказати,0.08,100% = респонденти відповідного макрорегіону; n підгрупи не наведено,K1639,"Таблиця 2, рядки «Вересень 2026 року»; склад макрорегіонів — примітка 3","Прямий регіональний розподіл, не перетин двох ставлень. Похибка підгруп більша за загальну; округлення збережено.",https://kiis.com.ua/?lang=ukr&cat=reports&id=1639&page=1
