id,poll,dimension,scenario,result,base,limit,source,location,cluster,source_url
Q01,P01,Очікування,Чи приведуть поточні переговори до сталого миру?,25% вірять; 70% не вірять; 5% не визначилися,Моніторингова половина вибірки,Очікування не вимірює бажання переговорів.,K1,Графік 1,Лише окремий розподіл; перетин невідомий,https://www.kiis.com.ua/?cat=reports&id=1589&lang=ukr&page=2
Q02,P01,Пакет умов,"Вихід ЗСУ з підконтрольного Донбасу, передача контролю РФ; гарантії США та Європи.",36% загалом прийнятно; 57% категорично неприйнятно; 7% невизначені,n=1003,Прийнятно поєднує легку та неохочу згоду. Гарантії не конкретизовані.,K1,Графік 2,Лише окремий розподіл; перетин невідомий,https://www.kiis.com.ua/?cat=reports&id=1589&lang=ukr&page=2
Q03,P01,Пакет умов,"Спочатку вихід ЗСУ; потім обіцянка гарантій США без американських військ, закриття неба й безкоштовної зброї.",25% загалом прийнятно; 68% категорично неприйнятно,n=1001,Змінено кілька складових пакета; різниця не ізолює чистий ефект слів.,K1,Графік 3,Лише окремий розподіл; перетин невідомий,https://www.kiis.com.ua/?cat=reports&id=1589&lang=ukr&page=2
Q04,P02,Території,Передача всього Донбасу в обмін на гарантії.,33% приймають; 60% категорично відкидають,Усі респонденти відповідного питання,Повну шкалу див. джерело.,K2,Релевантний графік,Лише окремий розподіл; перетин невідомий,https://www.kiis.com.ua/?cat=reports&id=1626&lang=ukr&page=1
Q05,P02,Перемир’я,"Фіксація поточної лінії без визнання окупації, з масштабною фінансовою та військовою підтримкою.",59% приймають; 31% категорично відкидають,Усі респонденти відповідного питання,Це комплексний пакет.,K2,Релевантний графік,Лише окремий розподіл; перетин невідомий,https://www.kiis.com.ua/?cat=reports&id=1626&lang=ukr&page=1
Q06,P03,Очікування,Чи порушить РФ майбутню мирну угоду та нападе знову?,"75,2% очікують нового нападу",Усі респонденти відповідного питання,Не є часткою противників переговорів.,R1,Текст релізу,Лише окремий розподіл; перетин невідомий,https://ksf.openukraine.org/categories/news/75percent-ukrayinciv-vvazhayut-sho-rosiya-znovu-napade-na-ukrayinu-pislya-pidpisannya-miru
Q07,P04,Мінімальна умова,Яка територіальна умова є мінімально необхідною для мирної угоди?,"1991: 28,8%; 24.02.2022: 27,5%; поточний фронт: 21,7%; вихід із 4 областей: 5,6%; вихід із Донбасу: 5,2%; невизначені: 11,1%",n=1200,Слова про фіксацію кордонів не тотожні тимчасовому припиненню вогню.,R2P,С. 6,"Взаємовиключні відповіді одного питання, не багатовимірні кластери",https://ksf-openukraine.s3.eu-central-1.amazonaws.com/PREZENTA_Cz_I_Ya_RAZUMKOV_Cz_ENTR_KBF_2026_beb6820f64.pdf
Q08,P05,Загальний напрям,Вибір між переговорами для швидкого завершення війни та боротьбою до перемоги.,66% переговори; 24% боротьба,Усі респонденти; n уточнити,Відсутня окрема відповідь про переговори одночасно з обороною; умови угоди не задано.,G1,Attitudes Toward War,Лише окремий розподіл; перетин невідомий,https://news.gallup.com/poll/711992/ukrainians-sour-washington-views-war-stabilize.aspx
Q09,P06,Території,Повне виведення української армії з Донецької та Луганської областей задля встановлення миру.,10% точно так; 19% скоріше так; 23% скоріше ні; 42% точно ні; 6% невизначені,n=2100,Мир заданий як мета поступки; гарантії та наслідки не деталізовані.,W1P,С. 34,Лише окремий розподіл; перетин невідомий,https://cdn.prod.website-files.com/685c279caf66f4023ad2cab4/69fc97cc24681fef3b6d3d96_wfd_polll_presentation_january_2026_compressed.pdf
Q10,P07,Перелік умов,Які із запропонованих умов можна прийняти заради мирної угоди?,ДМЗ із гарантіями: 37%; заборона НАТО: 11%; передача окупованого: 7%; амністія: 5%; ДМЗ без гарантій: 4%; жодна: 30%; невизначені: 17%,n=3000; кілька відповідей,Сума перевищує 100%; комбінації виборів без мікроданих невідомі.,I1P,С. 49,Потрібні індивідуальні комбінації множинного вибору,https://cdn.prod.website-files.com/685c279caf66f4023ad2cab4/69f3339c6741176b5932c931_UKR-26-NS-01-PT-UKR_Final-Public_compressed.pdf
Q11,P08,Території,"Вибір між обороною без поступок та передачею неокупованих частин Донецької, Запорізької, Херсонської областей для швидкого припинення боїв.",66% оборона без поступок; 22% передача; 12% невизначені,n=1000; вік 16+,Немає окремого варіанта заморожування фронту без юридичного визнання.,S1P,С. 18,Лише окремий розподіл; перетин невідомий,https://www.sapiens.com.ua/publications/socpol-research/389/Звіт_Омнібус_УНЦПД_2026_для%20сайту.pdf
Q12,P09,НАТО,Відмова від членства й припинення співпраці з НАТО задля припинення війни.,"16,3% обрали цей варіант",n=1000; вік 16+,Поєднані дві різні поступки.,S2P,Див. відповідний пункт анкети,Лише окремий розподіл; перетин невідомий,https://neweurope.org.ua/wp-content/uploads/2026/04/Opinion-Poll-Results_NATO-2026_ukr-1.pdf
Q13,P10,Території,Міжнародне визнання Криму та частини Донбасу російськими як ціна миру.,4% повністю / 10% скоріше приймають; 14% скоріше / 55% повністю відкидають; 16% не визначилися. Офіційний агрегат відкидання — 70%.,Усі опитані,"Округлені сегменти дають 69%, але офіційний агрегат — 70%; не підміняти його сумою округлень.",N1P,PDF с.21–22,Лише окремий розподіл; перетин невідомий,https://www.ndi.org/sites/default/files/2026-07/UKR_NDI-March-2026-Political-Survey_Public.pptx.pdf
Q14,P10,Мовна політика,Надання російській мові офіційного статусу в Україні як ціна миру.,7% повністю / 11% скоріше приймають; 15% скоріше / 54% повністю відкидають; 13% не визначилися. Офіційний агрегат відкидання — 70%.,Усі опитані,Округлені сегменти дають 69%; авторський агрегат — 70%.,N1P,PDF с.21–22,Лише окремий розподіл; перетин невідомий,https://www.ndi.org/sites/default/files/2026-07/UKR_NDI-March-2026-Political-Survey_Public.pptx.pdf
Q15,P11,Пакети умов,"Порівняння сценаріїв із НАТО, поверненням територій, визнанням окупації та гарантіями.",W3: постійне перемир’я по нинішньому фронту без юридичного визнання: 30% прийнятно; 29% варто розглянути; 35% неприйнятно; 6% невизначені.,"Колонка W3; незважена база 1003, зважена 999",«Варто розглянути» не додано до прийняття. Вступ гарантує негайне завершення війни й дозволяє неохочу згоду; метод не встановлено.,A1X,"Ukraine Tabs, рядки 343–349, колонка D",Індикатор прийняття конкретного пакета; нижчий пріоритет через неповний паспорт,https://lordashcroftpolls.com/wp-content/uploads/2026/05/Ukraine-tables-April-2026.xlsx
Q16,P12,Очікування,Чи можливі реальні мирні переговори?,"28,8% так; 58,8% ні за публікацією","Онлайн-панель, n=1000",Реалістичність переговорів не тотожна їх підтримці.,AG1D,Пульс 192,Лише окремий розподіл; перетин невідомий,https://activegroup.com.ua/wp-content/uploads/pulse/260912-192/pulse-192.html
Q17,P15,Загальний напрям,Підтримка проведення мирних переговорів.,"72,2% підтримують; 20,8% проти",Заявлено n=1203,Повна анкета та виконавець недостатньо перевірені; не використовувати для головного висновку.,F1,Пресреліз,Лише окремий розподіл; перетин невідомий,https://interfax.com.ua/news/press-release/1212330-amp.html
Q18,P15,Поступки,Територіальні компроміси та обмеження чисельності армії.,"51,7% допускають територіальні компроміси; 76,3% відкидають обмеження ЗСУ",Різні питання; заявлено n=1203,Ці відсотки не дають спільної частки групи.,F1,Пресреліз,Лише окремий розподіл; перетин невідомий,https://interfax.com.ua/news/press-release/1212330-amp.html
Q19,P16,Гарантії,Найкращий формат післявоєнних гарантій безпеки.,33% обрали сильну українську армію,18–60; міста 50 тис.+; n=1000,Звужене охоплення й онлайн-метод; суміжний показник.,GR1,Security guarantees,Лише окремий розподіл; перетин невідомий,https://gradus.app/en/report/fewer-donations-faith-afu-changing-hopes/
Q20,P41,Переговори,Прямі переговори Зеленського з Путіним про завершення війни.,74% підтримували; 25% не підтримували,n=1000,"Інше питання, ніж Gallup; не зшивати серії.",RT22,Текст релізу,Лише окремий розподіл; перетин невідомий,https://www.ratinggroup.ua/news/pyatyy-obschenacionalnyy-opros-ukraina-v-usloviyah-voyny-18-marta-2022
Q21,P41,Перемир’я,Тимчасове перемир’я без виведення російських військ із України.,89% вважали неприйнятним,n=1000,Межі території та строк перемир’я важливі для тлумачення.,RT22,Текст релізу,Лише окремий розподіл; перетин невідомий,https://www.ratinggroup.ua/news/pyatyy-obschenacionalnyy-opros-ukraina-v-usloviyah-voyny-18-marta-2022
Q22,P37,Переговори,Переговори заради порятунку життів проти їх неможливості через недотримання угод Росією.,"23,0% перша позиція; 59,6% друга; 17,4% жодна / невизначені",n=2018,Аргументи включені в самі альтернативи; вимірює вибір між рамками.,D22P,"С. 27, питання 15",Лише окремий розподіл; перетин невідомий,https://dif.org.ua/uploads/pdf/20263161126458f92b642fb0.79054584.pdf
Q23,P38,Перехресні відповіді,Ставлення до юридичного визнання окупованих територій усередині групи за будь-які компроміси.,"25,6% приймають; 63,1% відкидають; 11,4% невизначені","Лише підгрупа за будь-які компроміси, не все населення",Декларація загальної згоди не означає згоди на конкретні умови.,D23P,"С. 19, таблиця 10.1",Є двовимірна перехресна таблиця; повний багатовимірний перетин відсутній,https://dif.org.ua/uploads/pdf/5218145164e3a68337c8b9.90610544.pdf
Q24,P38,Території,Визнання окупованих українських територій частиною РФ за припинення агресії.,"4,7% приймають; 90,4% відкидають; 4,9% невизначені",n=2019,"Офіційне визнання, а не тимчасове припинення спроб повернення.",D23P,С. 18,Лише окремий розподіл; перетин невідомий,https://dif.org.ua/uploads/pdf/5218145164e3a68337c8b9.90610544.pdf
Q25,P30,Експеримент,"96 можливих пакетів із комбінацій гарантій, ЄС, територій, мовної політики та суверенітету.",Порівняння привабливості параметрів; див. таблиці першоджерела,n=2029; експериментальні профілі,Оцінки пакетів не є частками сталих груп респондентів.,K25A,Розділ експерименту,Для типології потрібні індивідуальні відповіді та схема експерименту,https://www.kiis.com.ua/?cat=reports&id=1506&lang=ukr
Q026,P18,Загальні поступки,"Певні територіальні поступки для швидшого миру і збереження незалежності / жодних поступок, навіть за довшої війни й загроз незалежності",Допускають певні територіальні поступки: 10%; Відкидають будь-які територіальні поступки: 82%; Не визначилися: 8%,"Усі опитані, якщо не зазначено іншого",Невизначені «певні поступки»; обидві альтернативи містять наслідки. Не дорівнює юридичному визнанню чи передачі нових територій.,K1111,Моніторингова серія,Ознака для аналітичної типології; не самостійна оцінка розміру кластера,https://www.kiis.com.ua/?cat=reports&id=1111&lang=ukr
Q027,P19,Загальні поступки,"Певні територіальні поступки для швидшого миру і збереження незалежності / жодних поступок, навіть за довшої війни й загроз незалежності",Допускають певні територіальні поступки: 10%; Відкидають будь-які територіальні поступки: 84%; Не визначилися: 6%,"Усі опитані, якщо не зазначено іншого",Невизначені «певні поступки»; обидві альтернативи містять наслідки. Не дорівнює юридичному визнанню чи передачі нових територій.,K1124,Моніторингова серія,Ознака для аналітичної типології; не самостійна оцінка розміру кластера,https://www.kiis.com.ua/?cat=reports&id=1124&lang=ukr
Q028,P20,Загальні поступки,"Певні територіальні поступки для швидшого миру і збереження незалежності / жодних поступок, навіть за довшої війни й загроз незалежності",Допускають певні територіальні поступки: 8%; Відкидають будь-які територіальні поступки: 87%; Не визначилися: 5%,"Усі опитані, якщо не зазначено іншого",Невизначені «певні поступки»; обидві альтернативи містять наслідки. Не дорівнює юридичному визнанню чи передачі нових територій.,K1133,Моніторингова серія,Ознака для аналітичної типології; не самостійна оцінка розміру кластера,https://www.kiis.com.ua/?cat=reports&id=1133&lang=ukr
Q029,P21,Загальні поступки,"Певні територіальні поступки для швидшого миру і збереження незалежності / жодних поступок, навіть за довшої війни й загроз незалежності",Допускають певні територіальні поступки: 8%; Відкидають будь-які територіальні поступки: 85%; Не визначилися: 6%,"Усі опитані, якщо не зазначено іншого",Невизначені «певні поступки»; обидві альтернативи містять наслідки. Не дорівнює юридичному визнанню чи передачі нових територій.,K1167,Моніторингова серія,Ознака для аналітичної типології; не самостійна оцінка розміру кластера,https://www.kiis.com.ua/?cat=reports&id=1167&lang=ukr
Q030,P22,Загальні поступки,"Певні територіальні поступки для швидшого миру і збереження незалежності / жодних поступок, навіть за довшої війни й загроз незалежності",Допускають певні територіальні поступки: 9%; Відкидають будь-які територіальні поступки: 87%; Не визначилися: 5%,"Усі опитані, якщо не зазначено іншого",Невизначені «певні поступки»; обидві альтернативи містять наслідки. Не дорівнює юридичному визнанню чи передачі нових територій.,K1192,Моніторингова серія,Ознака для аналітичної типології; не самостійна оцінка розміру кластера,https://www.kiis.com.ua/?cat=reports&id=1192&lang=ukr
Q031,P23,Загальні поступки,"Певні територіальні поступки для швидшого миру і збереження незалежності / жодних поступок, навіть за довшої війни й загроз незалежності",Допускають певні територіальні поступки: 10%; Відкидають будь-які територіальні поступки: 84%; Не визначилися: 6%,"Усі опитані, якщо не зазначено іншого",Невизначені «певні поступки»; обидві альтернативи містять наслідки. Не дорівнює юридичному визнанню чи передачі нових територій.,K1242,Моніторингова серія,Ознака для аналітичної типології; не самостійна оцінка розміру кластера,https://www.kiis.com.ua/?cat=reports&id=1242&lang=ukr
Q032,P24,Загальні поступки,"Певні територіальні поступки для швидшого миру і збереження незалежності / жодних поступок, навіть за довшої війни й загроз незалежності",Допускають певні територіальні поступки: 14%; Відкидають будь-які територіальні поступки: 80%; Не визначилися: 6%,"Усі опитані, якщо не зазначено іншого",Невизначені «певні поступки»; обидві альтернативи містять наслідки. Не дорівнює юридичному визнанню чи передачі нових територій.,K1301,Моніторингова серія,Ознака для аналітичної типології; не самостійна оцінка розміру кластера,https://www.kiis.com.ua/?cat=reports&id=1301&lang=ukr
Q033,P25,Загальні поступки,"Певні територіальні поступки для швидшого миру і збереження незалежності / жодних поступок, навіть за довшої війни й загроз незалежності",Допускають певні територіальні поступки: 19%; Відкидають будь-які територіальні поступки: 74%; Не визначилися: 7%,"Усі опитані, якщо не зазначено іншого",Невизначені «певні поступки»; обидві альтернативи містять наслідки. Не дорівнює юридичному визнанню чи передачі нових територій.,K1332,Моніторингова серія,Ознака для аналітичної типології; не самостійна оцінка розміру кластера,https://www.kiis.com.ua/?cat=reports&id=1332&lang=ukr
Q034,P26,Загальні поступки,"Певні територіальні поступки для швидшого миру і збереження незалежності / жодних поступок, навіть за довшої війни й загроз незалежності",Допускають певні територіальні поступки: 26%; Відкидають будь-які територіальні поступки: 65%; Не визначилися: 9%,"Усі опитані, якщо не зазначено іншого",Невизначені «певні поступки»; обидві альтернативи містять наслідки. Не дорівнює юридичному визнанню чи передачі нових територій.,K1421,Моніторингова серія,Ознака для аналітичної типології; не самостійна оцінка розміру кластера,https://www.kiis.com.ua/?cat=reports&id=1421&lang=ukr
Q035,P27,Загальні поступки,"Певні територіальні поступки для швидшого миру і збереження незалежності / жодних поступок, навіть за довшої війни й загроз незалежності",Допускають певні територіальні поступки: 32%; Відкидають будь-які територіальні поступки: 55%; Не визначилися: 13%,"Усі опитані, якщо не зазначено іншого",Невизначені «певні поступки»; обидві альтернативи містять наслідки. Не дорівнює юридичному визнанню чи передачі нових територій.,K1421,Моніторингова серія,Ознака для аналітичної типології; не самостійна оцінка розміру кластера,https://www.kiis.com.ua/?cat=reports&id=1421&lang=ukr
Q036,P28,Загальні поступки,"Певні територіальні поступки для швидшого миру і збереження незалежності / жодних поступок, навіть за довшої війни й загроз незалежності",Допускають певні територіальні поступки: 32%; Відкидають будь-які територіальні поступки: 58%; Не визначилися: 10%,"Усі опитані, якщо не зазначено іншого",Невизначені «певні поступки»; обидві альтернативи містять наслідки. Не дорівнює юридичному визнанню чи передачі нових територій.,K1447,Моніторингова серія,Ознака для аналітичної типології; не самостійна оцінка розміру кластера,https://www.kiis.com.ua/?cat=reports&id=1447&lang=ukr
Q037,P29,Загальні поступки,"Певні територіальні поступки для швидшого миру і збереження незалежності / жодних поступок, навіть за довшої війни й загроз незалежності",Допускають певні територіальні поступки: 38%; Відкидають будь-які територіальні поступки: 51%; Не визначилися: 11%,"Усі опитані, якщо не зазначено іншого",Невизначені «певні поступки»; обидві альтернативи містять наслідки. Не дорівнює юридичному визнанню чи передачі нових територій.,K24,Моніторингова серія,Ознака для аналітичної типології; не самостійна оцінка розміру кластера,https://www.kiis.com.ua/?cat=reports&id=1465&lang=ukr
Q038,P30,Загальні поступки,"Певні територіальні поступки для швидшого миру і збереження незалежності / жодних поступок, навіть за довшої війни й загроз незалежності",Допускають певні територіальні поступки: 39%; Відкидають будь-які територіальні поступки: 50%; Не визначилися: 11%,"Усі опитані, якщо не зазначено іншого",Невизначені «певні поступки»; обидві альтернативи містять наслідки. Не дорівнює юридичному визнанню чи передачі нових територій.,K25A,Моніторингова серія,Ознака для аналітичної типології; не самостійна оцінка розміру кластера,https://www.kiis.com.ua/?cat=reports&id=1506&lang=ukr
Q039,P31,Загальні поступки,"Певні територіальні поступки для швидшого миру і збереження незалежності / жодних поступок, навіть за довшої війни й загроз незалежності",Допускають певні територіальні поступки: 38%; Відкидають будь-які територіальні поступки: 52%; Не визначилися: 10%,"Усі опитані, якщо не зазначено іншого",Невизначені «певні поступки»; обидві альтернативи містять наслідки. Не дорівнює юридичному визнанню чи передачі нових територій.,K25B,Моніторингова серія,Ознака для аналітичної типології; не самостійна оцінка розміру кластера,https://www.kiis.com.ua/?cat=reports&id=1535&lang=ukr
Q040,P32,Загальні поступки,"Певні територіальні поступки для швидшого миру і збереження незалежності / жодних поступок, навіть за довшої війни й загроз незалежності",Допускають певні територіальні поступки: 38%; Відкидають будь-які територіальні поступки: 54%; Не визначилися: 8%,"Усі опитані, якщо не зазначено іншого",Невизначені «певні поступки»; обидві альтернативи містять наслідки. Не дорівнює юридичному визнанню чи передачі нових територій.,K25C,Моніторингова серія,Ознака для аналітичної типології; не самостійна оцінка розміру кластера,https://www.kiis.com.ua/?cat=reports&id=1559&lang=ukr
Q041,P42,Тиск війни,"Продовжувати опір попри обстріли / перейти до переговорів, щоб припинили обстріли, навіть за поступок",86% продовжувати; 10% переговори,"Усі опитані, якщо не зазначено іншого",У 2026 альтернативу змінено на будь-які вимоги РФ/капітуляцію; чистого часового порівняння немає.,K1151,Графік 1,Ознака для аналітичної типології; не самостійна оцінка розміру кластера,https://www.kiis.com.ua/?cat=reports&id=1151&lang=ukr
Q042,P43,Пакет умов,"Відкладення звільнення окупованого, вступ до ЄС, заборона НАТО",38% приймають; 54% категорично відкидають,"Усі опитані, якщо не зазначено іншого",Разом змінюються кілька параметрів; не ізольований ефект НАТО.,K1421,Пакети домовленостей,Ознака для аналітичної типології; не самостійна оцінка розміру кластера,https://www.kiis.com.ua/?cat=reports&id=1421&lang=ukr
Q043,P43,Пакет умов,"Відкладення звільнення окупованого, членство в НАТО і ЄС",47% приймають; 38% категорично відкидають,"Усі опитані, якщо не зазначено іншого",Разом змінюються кілька параметрів; не ізольований ефект НАТО.,K1421,Пакети домовленостей,Ознака для аналітичної типології; не самостійна оцінка розміру кластера,https://www.kiis.com.ua/?cat=reports&id=1421&lang=ukr
Q044,P43,Пакет умов,"НАТО і ЄС, звільнення Херсонщини та Запоріжжя, відкладення інших територій",57% приймають; 33% категорично відкидають,"Усі опитані, якщо не зазначено іншого",Разом змінюються кілька параметрів; не ізольований ефект НАТО.,K1421,Пакети домовленостей,Ознака для аналітичної типології; не самостійна оцінка розміру кластера,https://www.kiis.com.ua/?cat=reports&id=1421&lang=ukr
Q045,P44,Припинення вогню,Ставлення до 30-денного припинення вогню та причини підтримки,77% позитивно: 59% усіх опитаних — дипломатична тактика/викриття РФ/допомога; 18% — реальний шлях до миру,"Усі опитані, якщо не зазначено іншого","59% і 18% — частки всієї вибірки, а не відсотки серед 77%; не трактувати тактичну підтримку як згоду на мирні умови.",K1509,Основні результати,Ознака для аналітичної типології; не самостійна оцінка розміру кластера,https://www.kiis.com.ua/?cat=reports&id=1509&lang=ukr
Q046,P45,Пакет умов,"Пакет, позначений у релізі як РФ",10% прийнятно; 82% неприйнятно,"Усі опитані, якщо не зазначено іншого","Перевіряти повний текст пакета. Ретроспектива K1543 подає інші травневі відсотки відмови, ніж K1530; значення не гармонізовано примусово.",K1530,Опис пакетів і відповідні графіки,Ознака для аналітичної типології; не самостійна оцінка розміру кластера,https://www.kiis.com.ua/?cat=reports&id=1530&lang=ukr
Q047,P45,Пакет умов,"Пакет, позначений у релізі як США",29% прийнятно; 61% неприйнятно,"Усі опитані, якщо не зазначено іншого","Перевіряти повний текст пакета. Ретроспектива K1543 подає інші травневі відсотки відмови, ніж K1530; значення не гармонізовано примусово.",K1530,Опис пакетів і відповідні графіки,Ознака для аналітичної типології; не самостійна оцінка розміру кластера,https://www.kiis.com.ua/?cat=reports&id=1530&lang=ukr
Q048,P45,Пакет умов,"Пакет, позначений у релізі як Україна/Європа",51% прийнятно; 40% неприйнятно,"Усі опитані, якщо не зазначено іншого","Перевіряти повний текст пакета. Ретроспектива K1543 подає інші травневі відсотки відмови, ніж K1530; значення не гармонізовано примусово.",K1530,Опис пакетів і відповідні графіки,Ознака для аналітичної типології; не самостійна оцінка розміру кластера,https://www.kiis.com.ua/?cat=reports&id=1530&lang=ukr
Q049,P46,Пакет умов,"Пакет, позначений у релізі як РФ",17% прийнятно; 76% неприйнятно,"Усі опитані, якщо не зазначено іншого","Перевіряти повний текст пакета. Ретроспектива K1543 подає інші травневі відсотки відмови, ніж K1530; значення не гармонізовано примусово.",K1543,Опис пакетів і відповідні графіки,Ознака для аналітичної типології; не самостійна оцінка розміру кластера,https://www.kiis.com.ua/?cat=reports&id=1543&lang=ukr
Q050,P46,Пакет умов,"Пакет, позначений у релізі як США",39% прийнятно; 49% неприйнятно,"Усі опитані, якщо не зазначено іншого","Перевіряти повний текст пакета. Ретроспектива K1543 подає інші травневі відсотки відмови, ніж K1530; значення не гармонізовано примусово.",K1543,Опис пакетів і відповідні графіки,Ознака для аналітичної типології; не самостійна оцінка розміру кластера,https://www.kiis.com.ua/?cat=reports&id=1543&lang=ukr
Q051,P46,Пакет умов,"Пакет, позначений у релізі як Україна/Європа",54% прийнятно; 30% неприйнятно,"Усі опитані, якщо не зазначено іншого","Перевіряти повний текст пакета. Ретроспектива K1543 подає інші травневі відсотки відмови, ніж K1530; значення не гармонізовано примусово.",K1543,Опис пакетів і відповідні графіки,Ознака для аналітичної типології; не самостійна оцінка розміру кластера,https://www.kiis.com.ua/?cat=reports&id=1543&lang=ukr
Q052,P47,Пакет умов,"Пакет, позначений у релізі як РФ",17% прийнятно; 75% неприйнятно,"Усі опитані, якщо не зазначено іншого","Перевіряти повний текст пакета. Ретроспектива K1543 подає інші травневі відсотки відмови, ніж K1530; значення не гармонізовано примусово.",K1551,Опис пакетів і відповідні графіки,Ознака для аналітичної типології; не самостійна оцінка розміру кластера,https://www.kiis.com.ua/?cat=reports&id=1551&lang=ukr
Q053,P47,Пакет умов,"Пакет, позначений у релізі як Україна/Європа",74% прийнятно,"Усі опитані, якщо не зазначено іншого","Перевіряти повний текст пакета. Ретроспектива K1543 подає інші травневі відсотки відмови, ніж K1530; значення не гармонізовано примусово.",K1551,Опис пакетів і відповідні графіки,Ознака для аналітичної типології; не самостійна оцінка розміру кластера,https://www.kiis.com.ua/?cat=reports&id=1551&lang=ukr
Q054,P48,Умови миру,Загальна готовність до певних територіальних поступок,33% приймають; 53% відкидають,"Усі опитані, якщо не зазначено іншого","Загальне питання, конкретні формулювання та пакети — різні виміри.",K1572,Грудневі результати,Ознака для аналітичної типології; не самостійна оцінка розміру кластера,https://www.kiis.com.ua/?cat=reports&id=1572&lang=ukr
Q055,P48,Умови миру,Юридичне визнання окупованих територій російськими,25% приймають; 58% відкидають,"Усі опитані, якщо не зазначено іншого","Загальне питання, конкретні формулювання та пакети — різні виміри.",K1572,Грудневі результати,Ознака для аналітичної типології; не самостійна оцінка розміру кластера,https://www.kiis.com.ua/?cat=reports&id=1572&lang=ukr
Q056,P48,Умови миру,"Передача під контроль РФ територій, які зараз контролює Україна",18% приймають; 66% відкидають,"Усі опитані, якщо не зазначено іншого","Загальне питання, конкретні формулювання та пакети — різні виміри.",K1572,Грудневі результати,Ознака для аналітичної типології; не самостійна оцінка розміру кластера,https://www.kiis.com.ua/?cat=reports&id=1572&lang=ukr
Q057,P48,Умови миру,Фактичне заморожування без юридичного визнання,39% приймають; 50% відкидають,"Усі опитані, якщо не зазначено іншого","Загальне питання, конкретні формулювання та пакети — різні виміри.",K1572,Грудневі результати,Ознака для аналітичної типології; не самостійна оцінка розміру кластера,https://www.kiis.com.ua/?cat=reports&id=1572&lang=ukr
Q058,P48,Умови миру,Пакет України/Європи,69% приймають,"Усі опитані, якщо не зазначено іншого","Загальне питання, конкретні формулювання та пакети — різні виміри.",K1572,Грудневі результати,Ознака для аналітичної типології; не самостійна оцінка розміру кластера,https://www.kiis.com.ua/?cat=reports&id=1572&lang=ukr
Q059,P48,Умови миру,Пакет РФ,17% приймають; 74% відкидають,"Усі опитані, якщо не зазначено іншого","Загальне питання, конкретні формулювання та пакети — різні виміри.",K1572,Грудневі результати,Ознака для аналітичної типології; не самостійна оцінка розміру кластера,https://www.kiis.com.ua/?cat=reports&id=1572&lang=ukr
Q060,P49,Конкретна поступка,Передати весь Донбас під контроль РФ в обмін на гарантії безпеки Європи та США,39% приймають; 54% категорично відкидають,"Усі опитані, якщо не зазначено іншого",Готовність до конкретного обміну; не загальна підтримка переговорів.,K1579,Питання про Донбас,Ознака для аналітичної типології; не самостійна оцінка розміру кластера,https://www.kiis.com.ua/?cat=reports&id=1579&lang=ukr
Q061,P50,Конкретна поступка,Передати весь Донбас під контроль РФ в обмін на гарантії безпеки Європи та США,40% приймають; 52% категорично відкидають,"Усі опитані, якщо не зазначено іншого",Готовність до конкретного обміну; не загальна підтримка переговорів.,K1583,Питання про Донбас,Ознака для аналітичної типології; не самостійна оцінка розміру кластера,https://www.kiis.com.ua/?cat=reports&id=1583&lang=ukr
Q062,P51,Конкретна поступка,Передати весь Донбас під контроль РФ в обмін на гарантії безпеки Європи та США,33% приймають; 62% категорично відкидають,"Усі опитані, якщо не зазначено іншого",Готовність до конкретного обміну; не загальна підтримка переговорів.,K1597,Питання про Донбас,Ознака для аналітичної типології; не самостійна оцінка розміру кластера,https://www.kiis.com.ua/?cat=reports&id=1597&lang=ukr
Q063,P52,Конкретна поступка,Передати весь Донбас під контроль РФ в обмін на гарантії безпеки Європи та США,36% приймають; 57% категорично відкидають,"Усі опитані, якщо не зазначено іншого",Готовність до конкретного обміну; не загальна підтримка переговорів.,K1608,Питання про Донбас,Ознака для аналітичної типології; не самостійна оцінка розміру кластера,https://www.kiis.com.ua/?cat=reports&id=1608&lang=ukr
Q064,P51,Референдум / формулювання,"Референдум із привабливим комплексним описом: мир, ЄС у 2027, територіальні компроміси, гарантії, відбудова","61% усіх проголосували б за; 10% проти. Серед тих, хто обрав голосування: 86%/14%.","Усі опитані, якщо не зазначено іншого","Сильне позитивне навантаження; територіальні поступки не конкретизовано. Це та сама березнева хвиля, а не ще одне опитування.",K1594,Питання про референдум,Ознака для аналітичної типології; не самостійна оцінка розміру кластера,https://www.kiis.com.ua/?cat=reports&id=1594&lang=ukr
Q065,P53,Експеримент гарантій,Заморожування без юридичного визнання; Без гарантій,32% приймають; 61% відкидають,Відповідна випадкова підвибірка ≈500,"Різниця між умовами експерименту не є часткою людей, які змінили відповідь.",K1615,Чотири варіанти питання,Ознака для аналітичної типології; не самостійна оцінка розміру кластера,https://www.kiis.com.ua/?cat=reports&id=1615&lang=ukr
Q066,P53,Експеримент гарантій,"Заморожування без юридичного визнання; Європейські війська далеко від фронту, без участі в боях",42% приймають; 49% відкидають,Відповідна випадкова підвибірка ≈500,"Різниця між умовами експерименту не є часткою людей, які змінили відповідь.",K1615,Чотири варіанти питання,Ознака для аналітичної типології; не самостійна оцінка розміру кластера,https://www.kiis.com.ua/?cat=reports&id=1615&lang=ukr
Q067,P53,Експеримент гарантій,Заморожування без юридичного визнання; Великі обсяги фінансування й зброї,53% приймають; 37% відкидають,Відповідна випадкова підвибірка ≈500,"Різниця між умовами експерименту не є часткою людей, які змінили відповідь.",K1615,Чотири варіанти питання,Ознака для аналітичної типології; не самостійна оцінка розміру кластера,https://www.kiis.com.ua/?cat=reports&id=1615&lang=ukr
Q068,P53,Експеримент гарантій,"Заморожування без юридичного визнання; Європейські війська біля фронту, готові воювати",61% приймають; 33% відкидають,Відповідна випадкова підвибірка ≈500,"Різниця між умовами експерименту не є часткою людей, які змінили відповідь.",K1615,Чотири варіанти питання,Ознака для аналітичної типології; не самостійна оцінка розміру кластера,https://www.kiis.com.ua/?cat=reports&id=1615&lang=ukr
Q069,P54,Максимальні поступки,"Продовжувати збройний опір попри удари / прийняти будь-які вимоги РФ, навіть якщо це виглядатиме як капітуляція",77% опір; 12% будь-які вимоги; 11% невизначені,"Усі опитані, якщо не зазначено іншого",Стигматизуюче слово «капітуляція» може знижувати вибір другої відповіді. Не прирівнювати 12% до стабільного психологічного кластера; у 2022 формулювання інше.,K1634,Графік 1,Ознака для аналітичної типології; не самостійна оцінка розміру кластера,https://www.kiis.com.ua/?cat=reports&id=1634&lang=ukr
Q070,P55,Підтримка переговорів,Чи повинна Україна вступати у переговори з Росією для досягнення миру?,59% так; 37% ні; 4% не визначилися,"Усі опитані, якщо не зазначено іншого",Питання не протиставляє переговори продовженню бойових дій; напряму не зіставляти з Gallup.,N24M,PDF с.23 — ретроспектива 6 хвиль,Ознака для аналітичної типології; не самостійна оцінка розміру кластера,https://www.ndi.org/sites/default/files/May%202024%20Opportunities%20and%20Challenges%20Facing%20Ukraine%E2%80%99s%20Democratic%20Transition%20%28Ukrainian%29.pdf
Q071,P56,Підтримка переговорів,Чи повинна Україна вступати у переговори з Росією для досягнення миру?,44% так; 52% ні; 4% не визначилися,"Усі опитані, якщо не зазначено іншого",Питання не протиставляє переговори продовженню бойових дій; напряму не зіставляти з Gallup.,N24M,PDF с.23 — ретроспектива 6 хвиль,Ознака для аналітичної типології; не самостійна оцінка розміру кластера,https://www.ndi.org/sites/default/files/May%202024%20Opportunities%20and%20Challenges%20Facing%20Ukraine%E2%80%99s%20Democratic%20Transition%20%28Ukrainian%29.pdf
Q072,P57,Підтримка переговорів,Чи повинна Україна вступати у переговори з Росією для досягнення миру?,29% так; 66% ні; 5% не визначилися,"Усі опитані, якщо не зазначено іншого",Питання не протиставляє переговори продовженню бойових дій; напряму не зіставляти з Gallup.,N24M,PDF с.23 — ретроспектива 6 хвиль,Ознака для аналітичної типології; не самостійна оцінка розміру кластера,https://www.ndi.org/sites/default/files/May%202024%20Opportunities%20and%20Challenges%20Facing%20Ukraine%E2%80%99s%20Democratic%20Transition%20%28Ukrainian%29.pdf
Q073,P58,Підтримка переговорів,Чи повинна Україна вступати у переговори з Росією для досягнення миру?,33% так; 63% ні; 3% не визначилися,"Усі опитані, якщо не зазначено іншого",Питання не протиставляє переговори продовженню бойових дій; напряму не зіставляти з Gallup.,N24M,PDF с.23 — ретроспектива 6 хвиль,Ознака для аналітичної типології; не самостійна оцінка розміру кластера,https://www.ndi.org/sites/default/files/May%202024%20Opportunities%20and%20Challenges%20Facing%20Ukraine%E2%80%99s%20Democratic%20Transition%20%28Ukrainian%29.pdf
Q074,P59,Підтримка переговорів,Чи повинна Україна вступати у переговори з Росією для досягнення миру?,42% так; 53% ні; 5% не визначилися,"Усі опитані, якщо не зазначено іншого",Питання не протиставляє переговори продовженню бойових дій; напряму не зіставляти з Gallup.,N24M,PDF с.23 — ретроспектива 6 хвиль,Ознака для аналітичної типології; не самостійна оцінка розміру кластера,https://www.ndi.org/sites/default/files/May%202024%20Opportunities%20and%20Challenges%20Facing%20Ukraine%E2%80%99s%20Democratic%20Transition%20%28Ukrainian%29.pdf
Q075,P60,Підтримка переговорів,Чи повинна Україна вступати у переговори з Росією для досягнення миру?,57% так; 38% ні; 5% не визначилися,"Усі опитані, якщо не зазначено іншого",Питання не протиставляє переговори продовженню бойових дій; напряму не зіставляти з Gallup.,N24M,PDF с.23 — ретроспектива 6 хвиль,Ознака для аналітичної типології; не самостійна оцінка розміру кластера,https://www.ndi.org/sites/default/files/May%202024%20Opportunities%20and%20Challenges%20Facing%20Ukraine%E2%80%99s%20Democratic%20Transition%20%28Ukrainian%29.pdf
Q076,P62,Конкретна поступка,Повне виведення ЗСУ з усіх чотирьох областей,8% погоджуються; 78% проти,"Усі опитані, якщо не зазначено іншого",Конкретні максимальні вимоги; не зіставляти із загальними «певними поступками».,R25F,Текст і таблиця,Ознака для аналітичної типології; не самостійна оцінка розміру кластера,https://razumkov.org.ua/napriamky/sotsiologichni-doslidzhennia/gotovnist-gromadian-ukrainy-do-postupok-zarady-prypynennia-viiny-liutyi-berezen-2025r
Q077,P62,Конкретна поступка,"Міжнародно-правове визнання чотирьох областей, Криму та Севастополя російськими","5% погоджуються; 81,9% проти","Усі опитані, якщо не зазначено іншого",Конкретні максимальні вимоги; не зіставляти із загальними «певними поступками».,R25F,Текст і таблиця,Ознака для аналітичної типології; не самостійна оцінка розміру кластера,https://razumkov.org.ua/napriamky/sotsiologichni-doslidzhennia/gotovnist-gromadian-ukrainy-do-postupok-zarady-prypynennia-viiny-liutyi-berezen-2025r
Q078,P62,Конкретна поступка,Скасування всіх західних санкцій проти РФ,7% погоджуються; 78% проти,"Усі опитані, якщо не зазначено іншого",Конкретні максимальні вимоги; не зіставляти із загальними «певними поступками».,R25F,Текст і таблиця,Ознака для аналітичної типології; не самостійна оцінка розміру кластера,https://razumkov.org.ua/napriamky/sotsiologichni-doslidzhennia/gotovnist-gromadian-ukrainy-do-postupok-zarady-prypynennia-viiny-liutyi-berezen-2025r
Q079,P63,Мінімальні умови,Найменша прийнятна територіальна умова мирної угоди,Кордони 1991: 51.5%; Кордони до повномасштабного вторгнення: 25.8%; Фіксація нинішнього фронту: 9.4%; Не визначилися: 13.3%,"Усі опитані, якщо не зазначено іншого","Одна відповідь, але набір альтернатив змінювався.",R26FULL,Ретроспективна таблиця,Ознака для аналітичної типології; не самостійна оцінка розміру кластера,https://razumkov.org.ua/napriamky/sotsiologichni-doslidzhennia/otsinka-gromadianamy-sytuatsii-v-kraini-bachennia-shliakhiv-vyrishennia-bezpekovykh-problem-sichen-liutyi-2026r
Q080,P61,Мінімальні умови,Найменша прийнятна територіальна умова мирної угоди,Кордони 1991: 39.5%; Кордони до повномасштабного вторгнення: 29.8%; Фіксація нинішнього фронту: 10.8%; Не визначилися: 19.9%,"Усі опитані, якщо не зазначено іншого","Одна відповідь, але набір альтернатив змінювався.",R26FULL,Ретроспективна таблиця,Ознака для аналітичної типології; не самостійна оцінка розміру кластера,https://razumkov.org.ua/napriamky/sotsiologichni-doslidzhennia/otsinka-gromadianamy-sytuatsii-v-kraini-bachennia-shliakhiv-vyrishennia-bezpekovykh-problem-sichen-liutyi-2026r
Q081,P64,Мінімальні умови,Найменша прийнятна територіальна умова мирної угоди,Кордони 1991: 28.2%; Кордони до повномасштабного вторгнення: 31.8%; Фіксація нинішнього фронту: 20.7%; Виведення ЗСУ з усіх чотирьох областей: 6.2%; Не визначилися: 13.1%,"Усі опитані, якщо не зазначено іншого","Одна відповідь, але набір альтернатив змінювався.",R26FULL,Ретроспективна таблиця,Ознака для аналітичної типології; не самостійна оцінка розміру кластера,https://razumkov.org.ua/napriamky/sotsiologichni-doslidzhennia/otsinka-gromadianamy-sytuatsii-v-kraini-bachennia-shliakhiv-vyrishennia-bezpekovykh-problem-sichen-liutyi-2026r
Q082,P03,Мінімальні умови,Найменша прийнятна територіальна умова мирної угоди,Кордони 1991: 33.2%; Кордони до повномасштабного вторгнення: 25.5%; Фіксація нинішнього фронту: 23.5%; Виведення ЗСУ з Донбасу: 3.7%; Виведення ЗСУ з усіх чотирьох областей: 3.7%; Не визначилися: 10.3%,"Усі опитані, якщо не зазначено іншого","Одна відповідь, але набір альтернатив змінювався.",R26FULL,Ретроспективна таблиця,Ознака для аналітичної типології; не самостійна оцінка розміру кластера,https://razumkov.org.ua/napriamky/sotsiologichni-doslidzhennia/otsinka-gromadianamy-sytuatsii-v-kraini-bachennia-shliakhiv-vyrishennia-bezpekovykh-problem-sichen-liutyi-2026r
Q083,P65,Передумови переговорів,"Окремо оцінюються переговори зараз, після повернення лінії 2022, після відновлення кордонів 1991",Згода відповідно: 16.6%; 20.6%; 57.5%,"Усі опитані, якщо не зазначено іншого",Не сумувати як три типи громадян: це окремі оцінки.,R24S,PDF с.21,Ознака для аналітичної типології; не самостійна оцінка розміру кластера,https://razumkov.org.ua/images/2024/12/10/2024-PAKT-November-RC.pdf
Q084,P66,Передумови переговорів,"Окремо оцінюються переговори зараз, після повернення лінії 2022, після відновлення кордонів 1991",Згода відповідно: 13.1%; 17.6%; 60.7%,"Усі опитані, якщо не зазначено іншого",Не сумувати як три типи громадян: це окремі оцінки.,R24S,PDF с.21,Ознака для аналітичної типології; не самостійна оцінка розміру кластера,https://razumkov.org.ua/images/2024/12/10/2024-PAKT-November-RC.pdf
Q085,P67,Передумови переговорів,"Окремо оцінюються переговори зараз, після повернення лінії 2022, після відновлення кордонів 1991",Згода відповідно: 20.9%; 25.1%; 60.8%,"Усі опитані, якщо не зазначено іншого",Не сумувати як три типи громадян: це окремі оцінки.,R24S,PDF с.21,Ознака для аналітичної типології; не самостійна оцінка розміру кластера,https://razumkov.org.ua/images/2024/12/10/2024-PAKT-November-RC.pdf
Q086,P68,Передумови переговорів,"Окремо оцінюються переговори зараз, після повернення лінії 2022, після відновлення кордонів 1991",Згода відповідно: 35.2%; 37.2%; 49.4%,"Усі опитані, якщо не зазначено іншого",Не сумувати як три типи громадян: це окремі оцінки.,R24S,PDF с.21,Ознака для аналітичної типології; не самостійна оцінка розміру кластера,https://razumkov.org.ua/images/2024/12/10/2024-PAKT-November-RC.pdf
Q087,P69,Загальні компроміси,Війна до перемоги / певні компроміси / будь-які компроміси,51% лише перемога; 6% будь-які компроміси,"Усі опитані, якщо не зазначено іншого",«Будь-які» перевіряти на конкретних поступках; звіт містить багато перехресних таблиць.,D23J,Аналітичний звіт і розподіли,Ознака для аналітичної типології; не самостійна оцінка розміру кластера,https://oporaua.org/viyna/analitichnii-zvit-za-pidsumkami-opituvannia-viina-mir-peremoga-maibutnie-24828
Q088,P69,Передумови переговорів,Переговори зараз і прийнятність поступок у різних питаннях,10% переговори навіть зараз; 6% територіальні поступки; по 14% відмова від НАТО/ЄС,"Усі опитані, якщо не зазначено іншого","Це різні питання, не перетин.",D23J,Переговори та компроміси,Ознака для аналітичної типології; не самостійна оцінка розміру кластера,https://oporaua.org/viyna/analitichnii-zvit-za-pidsumkami-opituvannia-viina-mir-peremoga-maibutnie-24828
Q089,P40,Юридичне визнання,Визнати окуповані території частиною РФ заради завершення війни,9% приймають; 81% відкидають,"Усі опитані, якщо не зазначено іншого",Відрізняється від фактичного контролю без юридичного визнання.,D24WARP,PDF с.2 і таблиці,Ознака для аналітичної типології; не самостійна оцінка розміру кластера,https://dif.org.ua/uploads/pdf/26101812866cf7edc6d9ab6.77981420.pdf
Q090,P40,Втрата допомоги,Що робити при зменшенні чи припиненні допомоги Заходу?,"21,3% продовжувати війну; 23,5% заморозити без поступок; 34,7% почати переговори; 20,5% невизначені","Усі опитані, якщо не зазначено іншого",Гіпотетична втрата допомоги; різні відповіді можуть означати близькі стратегії.,D24WARP,PDF с.12,Ознака для аналітичної типології; не самостійна оцінка розміру кластера,https://dif.org.ua/uploads/pdf/26101812866cf7edc6d9ab6.77981420.pdf
Q091,P39,Передумови переговорів,Чи має Росія виконати передумови до початку переговорів?,"72,8% так; 7,1% ні; 20,1% невизначені","Усі опитані, якщо не зазначено іншого",,D24P,"PDF с.19, Q6",Ознака для аналітичної типології; не самостійна оцінка розміру кластера,https://dif.org.ua/uploads/pdf/131731465867691949dc0107.85784408.pdf
Q092,P17,Конкретна поступка,Юридичне визнання,13.4% повністю/скоріше приймають; 75.8% повністю/скоріше відкидають,"Усі опитані, якщо не зазначено іншого",Агреговано дві категорії прийняття й дві відкидання; решта — невизначені.,D1P,PDF с.12–14,Ознака для аналітичної типології; не самостійна оцінка розміру кластера,https://dif.org.ua/uploads/pdf/5533763386950345db5eb76.75679733.pdf
Q093,P17,Конкретна поступка,Відмова від НАТО,34.7% повністю/скоріше приймають; 50.8% повністю/скоріше відкидають,"Усі опитані, якщо не зазначено іншого",Агреговано дві категорії прийняття й дві відкидання; решта — невизначені.,D1P,PDF с.12–14,Ознака для аналітичної типології; не самостійна оцінка розміру кластера,https://dif.org.ua/uploads/pdf/5533763386950345db5eb76.75679733.pdf
Q094,P17,Конкретна поступка,Обмеження армії до 600 тис.,20% повністю/скоріше приймають; 69.8% повністю/скоріше відкидають,"Усі опитані, якщо не зазначено іншого",Агреговано дві категорії прийняття й дві відкидання; решта — невизначені.,D1P,PDF с.12–14,Ознака для аналітичної типології; не самостійна оцінка розміру кластера,https://dif.org.ua/uploads/pdf/5533763386950345db5eb76.75679733.pdf
Q095,P17,Конкретна поступка,Більшість заморожених активів РФ у проєкти США/РФ,22.3% повністю/скоріше приймають; 60.5% повністю/скоріше відкидають,"Усі опитані, якщо не зазначено іншого",Агреговано дві категорії прийняття й дві відкидання; решта — невизначені.,D1P,PDF с.12–14,Ознака для аналітичної типології; не самостійна оцінка розміру кластера,https://dif.org.ua/uploads/pdf/5533763386950345db5eb76.75679733.pdf
Q096,P70,Підтримка переговорів,Чи слід Україні вступати у мирні переговори з Росією?,43% так; 54% ні; 3% невизначені,"Усі опитані, якщо не зазначено іншого",,C24P,PDF с.16,Ознака для аналітичної типології; не самостійна оцінка розміру кластера,https://assets.carnegieendowment.org/static/files/Carnegie_survey_Ukraine_war_Ukrainian_public_opinion_March_2024.pdf
Q097,P77,Бажаний сценарій,"Один сценарій: дипломатичний компроміс, заморожування або бойові дії до певних кордонів",Компроміс за участю лідерів інших країн: 36.1%; Бойові дії до кордонів 1991: 33.5%; Тимчасове заморожування фронту: 8.2%; Бойові дії до кордонів 23.02.2022: 11%,"Усі опитані, якщо не зазначено іншого",Варіант «компроміс» не розкриває його ціну; не дорівнює капітуляції. Змінювалися згадка Мінська й вікове охоплення.,SC20251121P,PDF с.47 — ретроспектива,Ознака для аналітичної типології; не самостійна оцінка розміру кластера,https://socis.kiev.ua/wp-content/uploads/2025/11/Present_UA_Barometr_F2F_n2000_Oktober_2025.pdf
Q098,P71,Бажаний сценарій,"Один сценарій: дипломатичний компроміс, заморожування або бойові дії до певних кордонів",Компроміс за участю лідерів інших країн: 46.1%; Бойові дії до кордонів 1991: 26.2%; Тимчасове заморожування фронту: 10.4%; Бойові дії до кордонів 23.02.2022: 9.7%,"Усі опитані, якщо не зазначено іншого",Варіант «компроміс» не розкриває його ціну; не дорівнює капітуляції. Змінювалися згадка Мінська й вікове охоплення.,SC20251121P,PDF с.47 — ретроспектива,Ознака для аналітичної типології; не самостійна оцінка розміру кластера,https://socis.kiev.ua/wp-content/uploads/2025/11/Present_UA_Barometr_F2F_n2000_Oktober_2025.pdf
Q099,P78,Бажаний сценарій,"Один сценарій: дипломатичний компроміс, заморожування або бойові дії до певних кордонів",Компроміс за участю лідерів інших країн: 49.4%; Бойові дії до кордонів 1991: 18.4%; Тимчасове заморожування фронту: 17.8%; Бойові дії до кордонів 23.02.2022: 8.6%,"Усі опитані, якщо не зазначено іншого",Варіант «компроміс» не розкриває його ціну; не дорівнює капітуляції. Змінювалися згадка Мінська й вікове охоплення.,SC20251121P,PDF с.47 — ретроспектива,Ознака для аналітичної типології; не самостійна оцінка розміру кластера,https://socis.kiev.ua/wp-content/uploads/2025/11/Present_UA_Barometr_F2F_n2000_Oktober_2025.pdf
Q100,P79,Бажаний сценарій,"Один сценарій: дипломатичний компроміс, заморожування або бойові дії до певних кордонів",Компроміс за участю лідерів інших країн: 50.6%; Бойові дії до кордонів 1991: 14.7%; Тимчасове заморожування фронту: 19.5%; Бойові дії до кордонів 23.02.2022: 10.2%,"Усі опитані, якщо не зазначено іншого",Варіант «компроміс» не розкриває його ціну; не дорівнює капітуляції. Змінювалися згадка Мінська й вікове охоплення.,SC20251121P,PDF с.47 — ретроспектива,Ознака для аналітичної типології; не самостійна оцінка розміру кластера,https://socis.kiev.ua/wp-content/uploads/2025/11/Present_UA_Barometr_F2F_n2000_Oktober_2025.pdf
Q101,P72,Бажаний сценарій,"Один сценарій: дипломатичний компроміс, заморожування або бойові дії до певних кордонів",Компроміс за участю лідерів інших країн: 58.3%; Бойові дії до кордонів 1991: 10.7%; Тимчасове заморожування фронту: 17.6%; Бойові дії до кордонів 23.02.2022: 8%,"Усі опитані, якщо не зазначено іншого",Варіант «компроміс» не розкриває його ціну; не дорівнює капітуляції. Змінювалися згадка Мінська й вікове охоплення.,SC20251121P,PDF с.47 — ретроспектива,Ознака для аналітичної типології; не самостійна оцінка розміру кластера,https://socis.kiev.ua/wp-content/uploads/2025/11/Present_UA_Barometr_F2F_n2000_Oktober_2025.pdf
Q102,P73,Бажаний сценарій,"Один сценарій: дипломатичний компроміс, заморожування або бойові дії до певних кордонів",Компроміс за участю лідерів інших країн: 56.5%; Бойові дії до кордонів 1991: 11%; Тимчасове заморожування фронту: 17.2%; Бойові дії до кордонів 23.02.2022: 7.7%,"Усі опитані, якщо не зазначено іншого",Варіант «компроміс» не розкриває його ціну; не дорівнює капітуляції. Змінювалися згадка Мінська й вікове охоплення.,SC20251121P,PDF с.47 — ретроспектива,Ознака для аналітичної типології; не самостійна оцінка розміру кластера,https://socis.kiev.ua/wp-content/uploads/2025/11/Present_UA_Barometr_F2F_n2000_Oktober_2025.pdf
Q103,P80,Бажаний сценарій,"Один сценарій: дипломатичний компроміс, заморожування або бойові дії до певних кордонів",Компроміс за участю лідерів інших країн: 56.6%; Бойові дії до кордонів 1991: 14.2%; Тимчасове заморожування фронту: 15.1%; Бойові дії до кордонів 23.02.2022: 8.2%,"Усі опитані, якщо не зазначено іншого",Варіант «компроміс» не розкриває його ціну; не дорівнює капітуляції. Змінювалися згадка Мінська й вікове охоплення.,SC20251121P,PDF с.47 — ретроспектива,Ознака для аналітичної типології; не самостійна оцінка розміру кластера,https://socis.kiev.ua/wp-content/uploads/2025/11/Present_UA_Barometr_F2F_n2000_Oktober_2025.pdf
Q104,P74,Бажаний сценарій,"Один сценарій: дипломатичний компроміс, заморожування або бойові дії до певних кордонів",Компроміс за участю лідерів інших країн: 55.7%; Бойові дії до кордонів 1991: 12.8%; Тимчасове заморожування фронту: 16.6%; Бойові дії до кордонів 23.02.2022: 8.6%,"Усі опитані, якщо не зазначено іншого",Варіант «компроміс» не розкриває його ціну; не дорівнює капітуляції. Змінювалися згадка Мінська й вікове охоплення.,SC20251121P,PDF с.47 — ретроспектива,Ознака для аналітичної типології; не самостійна оцінка розміру кластера,https://socis.kiev.ua/wp-content/uploads/2025/11/Present_UA_Barometr_F2F_n2000_Oktober_2025.pdf
Q105,P81,Бажаний сценарій,"Один сценарій: дипломатичний компроміс, заморожування або бойові дії до певних кордонів",Компроміс за участю лідерів інших країн: 54.5%; Бойові дії до кордонів 1991: 11.6%; Тимчасове заморожування фронту: 20.9%; Бойові дії до кордонів 23.02.2022: 7.4%,"Усі опитані, якщо не зазначено іншого",Варіант «компроміс» не розкриває його ціну; не дорівнює капітуляції. Змінювалися згадка Мінська й вікове охоплення.,SC20251121P,PDF с.47 — ретроспектива,Ознака для аналітичної типології; не самостійна оцінка розміру кластера,https://socis.kiev.ua/wp-content/uploads/2025/11/Present_UA_Barometr_F2F_n2000_Oktober_2025.pdf
Q106,P75,Бажаний сценарій,"Один сценарій: дипломатичний компроміс, заморожування або бойові дії до певних кордонів",Компроміс за участю лідерів інших країн: 58.2%; Бойові дії до кордонів 1991: 10.2%; Тимчасове заморожування фронту: 19%; Бойові дії до кордонів 23.02.2022: 8.7%,"Усі опитані, якщо не зазначено іншого",Варіант «компроміс» не розкриває його ціну; не дорівнює капітуляції. Змінювалися згадка Мінська й вікове охоплення.,SC20251121P,PDF с.47 — ретроспектива,Ознака для аналітичної типології; не самостійна оцінка розміру кластера,https://socis.kiev.ua/wp-content/uploads/2025/11/Present_UA_Barometr_F2F_n2000_Oktober_2025.pdf
Q107,P76,План США / шкала,"Готовність прийняти кожну вимогу плану США, шкала 1–10","Середній бал: відведення з Донеччини 2,9; де-факто визнання Криму/Донбасу 3,2; ліміт армії 800 тис. 3,3; відмова від НАТО 4,6; вибори за 100 днів 6,2","Усі опитані, якщо не зазначено іншого","Це середні бали, не відсотки підтримки. Нульової чи нейтральної категорії немає; шкала несиметрична навколо цілого середнього.",SC20251224P,PDF с.19–20,Ознака для аналітичної типології; не самостійна оцінка розміру кластера,https://socis.kiev.ua/wp-content/uploads/2025/12/Present_UA_Barometr_F2F_n2000_December_2025.pdf
Q108,P82,Очікування,Який результат війни найбільш імовірний?,"34,8% припинення вогню й тривала дипломатія; 21% війна до політичних змін у РФ; 14,8% кордони 1991; 11,7% мир із визнанням втрат; 9,4% кордони 2022; 8,4% невизначені","Усі опитані, якщо не зазначено іншого","Прогноз, а не бажаний мир і не готовність поступитися.",SC20260806P,PDF с.49,Ознака для аналітичної типології; не самостійна оцінка розміру кластера,https://socis.kiev.ua/wp-content/uploads/2026/08/Present_UA_Barometr_F2F_n2000_August_2026.pdf
Q109,P83,Територіальні орієнтації,Бажані території після припинення вогню/угоди,Повернення всього за кордонами 1991: 54%,"Усі опитані, якщо не зазначено іншого",Не обов’язково вимога воювати до повернення всього. Максимальну поступку з передачею неокупованого Донбасу автори свідомо не включили.,PON25,Territorial attachment,Ознака для аналітичної типології; не самостійна оцінка розміру кластера,https://www.ponarseurasia.org/where-concessions-meet-resolve-how-ukrainian-society-sees-u-s-efforts-to-end-russias-war/
Q110,P84,Територіальні орієнтації,Бажані території після припинення вогню/угоди,Повернення всього за кордонами 1991: 52%,"Усі опитані, якщо не зазначено іншого",Не обов’язково вимога воювати до повернення всього. Максимальну поступку з передачею неокупованого Донбасу автори свідомо не включили.,PON25,Territorial attachment,Ознака для аналітичної типології; не самостійна оцінка розміру кластера,https://www.ponarseurasia.org/where-concessions-meet-resolve-how-ukrainian-society-sees-u-s-efforts-to-end-russias-war/
Q111,P85,Підтримка переговорів,Зосередити основні зусилля на припиненні війни переговорами,"63% підтримують після самітів; середній бал у парній базі n=437: 3,45 до / 3,77 після",Панель після самітів n=485; парний аналіз n=437,Часова асоціація; причинний ефект самітів без контрольної групи не встановлений. Вбудований експеримент гарантій має ≈150 на групу.,PON25,Методика та Results,Ознака для аналітичної типології; не самостійна оцінка розміру кластера,https://www.ponarseurasia.org/where-concessions-meet-resolve-how-ukrainian-society-sees-u-s-efforts-to-end-russias-war/
Q112,P86,Конкретні поступки,Які з перелічених поступок особисто прийнятні для завершення війни?,Нейтралітет / відмова від НАТО: 37%; Російська друга державна: 8%; Незалежність ОРДЛО в межах до 24.02.2022: 6%; Крим частина Росії: 5%; Незалежність ОРДЛО (ширша опція): 1%; Усе перелічене: 4%; Нічого з переліченого: 44%; Не визначилися: 8%,"Усі опитані, якщо не зазначено іншого",Множинний вибір; не є повним розподілом взаємовиключних груп.,IR22A,PDF с.38,Ознака для аналітичної типології; не самостійна оцінка розміру кластера,https://iri.org/wp-content/uploads/2022/05/2022-April-Survey-of-Residents-of-Ukraine_ENG.pdf
Q113,P87,Конкретні поступки,Які з перелічених поступок особисто прийнятні для завершення війни?,Нейтралітет / відмова від НАТО: 29%; Російська друга державна: 8%; Незалежність ОРДЛО в межах до 24.02.2022: 6%; Крим частина Росії: 5%; Незалежність ОРДЛО (ширша опція): 2%; Усе перелічене: 5%; Нічого з переліченого: 40%; Не визначилися: 9%,"Усі опитані, якщо не зазначено іншого",Множинний вибір; не є повним розподілом взаємовиключних груп.,IR22J,PDF с.44–46,Ознака для аналітичної типології; не самостійна оцінка розміру кластера,https://www.iri.org/wp-content/uploads/2022/08/2022-June-Survey_ENG_CSIR-APPROVED.pdf
Q114,P88,Конкретні поступки,Визнати раніше окупований Донбас/Крим російськими; заборонити вступ до НАТО як умову завершення війни,Проти: Донбас 82%; Крим 80%; заборона НАТО 45%. Не мають оптимізму щодо переговорів 69%.,"Усі опитані, якщо не зазначено іншого",Оптимізм щодо переговорів не означає їх підтримку.,IS22,PDF с.1–2; методика с.4,Ознака для аналітичної типології; не самостійна оцінка розміру кластера,https://www.sapiens.com.ua/publications/socpol-research/211/Release_IS_war_fin_30_03.pdf
Q115,P104,Умови припинення вогню,Чи погоджуватися на припинення вогню?,2% без будь-яких умов; 83% лише з гарантіями; 11% за жодних умов; 4% невизначені,"Усі опитані, якщо не зазначено іншого",Взаємовиключні відповіді одного питання придатні як груба типологія саме припинення вогню.,RT25FP,PDF с.20,Ознака для аналітичної типології; не самостійна оцінка розміру кластера,https://cdn.prod.website-files.com/685c279caf66f4023ad2cab4/68cbec9ad857580e525af216_RG_Ukraine_Monitoring_Leaders_CATI_022025%20press.pdf
Q116,P105,Припинення вогню,Підтримка 30-денного перемир’я без попередніх умов,"74% підтримують. 25% вважають, що переговори у Туреччині наблизять мир; 66% не очікують змін.","Усі опитані, якщо не зазначено іншого",Безумовність тимчасового перемир’я не дорівнює безумовній згоді на остаточні мирні вимоги.,RF2,Результати; PDF с.8,Ознака для аналітичної типології; не самостійна оцінка розміру кластера,https://www.ratinggroup.ua/news/negotiations-may2025
Q117,P106,Очікування,Чи буде підписана мирна угода протягом найближчого року?,43% так; 55% ні; 1% невизначені,"Усі опитані, якщо не зазначено іншого","Прогноз, а не бажання миру чи згода на умови.",RF1P,PDF с.20,Ознака для аналітичної типології; не самостійна оцінка розміру кластера,https://cdn.prod.website-files.com/685c279caf66f4023ad2cab4/6989b84ada2a261a313700c4_presentation_poll_results_in_ukraine_compressed.pdf
Q118,P107,Ціна миру,"Перемога = повернення до 24.02.2022, решта територій через переговори",30.4% згодні; 41.7% не згодні,"Усі опитані, якщо не зазначено іншого",Схильність погоджуватися з твердженням; розмиті ціна/ганьба; не прирівнювати до конкретних поступок.,ISPP25,PDF с.58,Ознака для аналітичної типології; не самостійна оцінка розміру кластера,https://ispp.org.ua/wp-content/uploads/2025/06/dynamika-2025-byuleten.pdf
Q119,P107,Ціна миру,"Мир потрібен, але не будь-якою ціною",66.6% згодні; 11.9% не згодні,"Усі опитані, якщо не зазначено іншого",Схильність погоджуватися з твердженням; розмиті ціна/ганьба; не прирівнювати до конкретних поступок.,ISPP25,PDF с.60,Ознака для аналітичної типології; не самостійна оцінка розміру кластера,https://ispp.org.ua/wp-content/uploads/2025/06/dynamika-2025-byuleten.pdf
Q120,P107,Ціна миру,"Краще маленька ганьба, ніж велика війна",18.3% згодні; 45.4% не згодні,"Усі опитані, якщо не зазначено іншого",Схильність погоджуватися з твердженням; розмиті ціна/ганьба; не прирівнювати до конкретних поступок.,ISPP25,PDF с.61,Ознака для аналітичної типології; не самостійна оцінка розміру кластера,https://ispp.org.ua/wp-content/uploads/2025/06/dynamika-2025-byuleten.pdf
Q121,P108,Ціна миру,"Перемога = повернення до 24.02.2022, решта територій через переговори",39.4% згодні; 26.2% не згодні,"Усі опитані, якщо не зазначено іншого",Схильність погоджуватися з твердженням; розмиті ціна/ганьба; не прирівнювати до конкретних поступок.,ISPP25,PDF с.58,Ознака для аналітичної типології; не самостійна оцінка розміру кластера,https://ispp.org.ua/wp-content/uploads/2025/06/dynamika-2025-byuleten.pdf
Q122,P108,Ціна миру,"Мир потрібен, але не будь-якою ціною",70.5% згодні; 11.2% не згодні,"Усі опитані, якщо не зазначено іншого",Схильність погоджуватися з твердженням; розмиті ціна/ганьба; не прирівнювати до конкретних поступок.,ISPP25,PDF с.60,Ознака для аналітичної типології; не самостійна оцінка розміру кластера,https://ispp.org.ua/wp-content/uploads/2025/06/dynamika-2025-byuleten.pdf
Q123,P108,Ціна миру,"Краще маленька ганьба, ніж велика війна",26.1% згодні; 30.7% не згодні,"Усі опитані, якщо не зазначено іншого",Схильність погоджуватися з твердженням; розмиті ціна/ганьба; не прирівнювати до конкретних поступок.,ISPP25,PDF с.61,Ознака для аналітичної типології; не самостійна оцінка розміру кластера,https://ispp.org.ua/wp-content/uploads/2025/06/dynamika-2025-byuleten.pdf
Q124,P109,Ціна миру,"Перемога = повернення до 24.02.2022, решта територій через переговори",59.2% згодні; 15.1% не згодні,"Усі опитані, якщо не зазначено іншого",Схильність погоджуватися з твердженням; розмиті ціна/ганьба; не прирівнювати до конкретних поступок.,ISPP25,PDF с.58,Ознака для аналітичної типології; не самостійна оцінка розміру кластера,https://ispp.org.ua/wp-content/uploads/2025/06/dynamika-2025-byuleten.pdf
Q125,P109,Ціна миру,"Мир потрібен, але не будь-якою ціною",76.3% згодні; 10.7% не згодні,"Усі опитані, якщо не зазначено іншого",Схильність погоджуватися з твердженням; розмиті ціна/ганьба; не прирівнювати до конкретних поступок.,ISPP25,PDF с.60,Ознака для аналітичної типології; не самостійна оцінка розміру кластера,https://ispp.org.ua/wp-content/uploads/2025/06/dynamika-2025-byuleten.pdf
Q126,P109,Ціна миру,"Краще маленька ганьба, ніж велика війна",37% згодні; 28.6% не згодні,"Усі опитані, якщо не зазначено іншого",Схильність погоджуватися з твердженням; розмиті ціна/ганьба; не прирівнювати до конкретних поступок.,ISPP25,PDF с.61,Ознака для аналітичної типології; не самостійна оцінка розміру кластера,https://ispp.org.ua/wp-content/uploads/2025/06/dynamika-2025-byuleten.pdf
Q127,P112,Мінімальна умова,"Яка умова миру була б прийнятною, якби війну можна було завершити зараз?","35,4% кордони 1991 + капітуляція РФ; 20,1% повернення після 24.02.2022; 16,1% припинення вогню/відведення; 11,1% заморожування з гарантіями без НАТО; 7,6% обмін територіями; 0,9% інше; 8,8% невизначені","Усі опитані, якщо не зазначено іншого","У 2025 об’єднано дві колишні максималістські опції й додано інші. 35,4% не є прямим продовженням 42% чи 25,1% у 2023.",ISPP25S,PDF с.114,Ознака для аналітичної типології; не самостійна оцінка розміру кластера,https://ispp.org.ua/wp-content/uploads/2026/01/dovidnikchunikhina2025.pdf
Q128,P11,Ashcroft / окрема хвиля,"Офіційно визнати Крим російським, без інших окупованих територій",20% прийнятно; 25% варто розглянути; 52% неприйнятно; 4% невизначені,W3; n=1003 незважені / 999 зважені,Окремі дати й метод W3 не встановлені; Total і W2 не змішані з W3. Сценарії містять обіцянку негайного завершення війни.,A1X,"Ukraine Tabs, D352–358","Додаткове джерело, метод потребує встановлення",https://lordashcroftpolls.com/wp-content/uploads/2026/05/Ukraine-tables-April-2026.xlsx
Q129,P11,Ashcroft / окрема хвиля,Відмова від військового повернення територій за членство в НАТО,12% прийнятно; 26% варто розглянути; 55% неприйнятно; 7% невизначені,W3; n=1003 незважені / 999 зважені,Окремі дати й метод W3 не встановлені; Total і W2 не змішані з W3. Сценарії містять обіцянку негайного завершення війни.,A1X,"Ukraine Tabs, D361–367","Додаткове джерело, метод потребує встановлення",https://lordashcroftpolls.com/wp-content/uploads/2026/05/Ukraine-tables-April-2026.xlsx
Q130,P11,Ashcroft / окрема хвиля,Виведення РФ з українських територій за відмову України від НАТО,44% прийнятно; 32% варто розглянути; 21% неприйнятно; 4% невизначені,W3; n=1003 незважені / 999 зважені,Окремі дати й метод W3 не встановлені; Total і W2 не змішані з W3. Сценарії містять обіцянку негайного завершення війни.,A1X,"Ukraine Tabs, D370–376","Додаткове джерело, метод потребує встановлення",https://lordashcroftpolls.com/wp-content/uploads/2026/05/Ukraine-tables-April-2026.xlsx
Q131,P11,Ashcroft / окрема хвиля,"Крим, Донецьк і Луганськ визнати російськими за західні гарантії решті України",15% прийнятно; 26% варто розглянути; 56% неприйнятно; 4% невизначені,W3; n=1003 незважені / 999 зважені,Окремі дати й метод W3 не встановлені; Total і W2 не змішані з W3. Сценарії містять обіцянку негайного завершення війни.,A1X,"Ukraine Tabs, D379–385","Додаткове джерело, метод потребує встановлення",https://lordashcroftpolls.com/wp-content/uploads/2026/05/Ukraine-tables-April-2026.xlsx
Q132,P11,Ashcroft / окрема хвиля,Перевага між продовженням бойових дій до поразки армії РФ та початком дипломатичних переговорів,W3: 26% бойові дії; 69% переговори; 5% невизначені,W3; n=1003 незважені / 999 зважені,Окремі дати й метод W3 не встановлені; Total і W2 не змішані з W3. Сценарії містять обіцянку негайного завершення війни.,A1X,"Ukraine Tabs, D322–327","Додаткове джерело, метод потребує встановлення",https://lordashcroftpolls.com/wp-content/uploads/2026/05/Ukraine-tables-April-2026.xlsx
Q133,P115,Референдум,Чи підтримуєте Ви ідею проведення Всеукраїнського референдуму про завершення війни під час війни?,Однозначно підтримую: 29%; Скоріше підтримую: 25%; Скоріше не підтримую: 13%; Однозначно не підтримую: 25%; Важко відповісти / немає відповіді: 8%,Усі опитані відповідної хвилі,Підтримка процедури не визначає голос за конкретні умови миру.,IR26JP,С.53,Окремий вимір процедурної легітимації угоди,https://www.iri.org/wp-content/uploads/2026/06/UKR-26-NS-02-PT-UA-Public.pdf
Q134,P116,Референдум,Чи підтримуєте Ви ідею проведення Всеукраїнського референдуму про завершення війни під час війни?,Однозначно підтримую: 27%; Скоріше підтримую: 24%; Скоріше не підтримую: 12%; Однозначно не підтримую: 28%; Важко відповісти / немає відповіді: 9%,Усі опитані відповідної хвилі,Підтримка процедури не визначає голос за конкретні умови миру.,IR26JP,С.53,Окремий вимір процедурної легітимації угоди,https://www.iri.org/wp-content/uploads/2026/06/UKR-26-NS-02-PT-UA-Public.pdf
Q135,P114,Референдум,Чи підтримуєте Ви ідею проведення Всеукраїнського референдуму про завершення війни під час війни?,Однозначно підтримую: 27%; Скоріше підтримую: 25%; Скоріше не підтримую: 15%; Однозначно не підтримую: 25%; Важко відповісти / немає відповіді: 9%,Усі опитані відповідної хвилі,Підтримка процедури не визначає голос за конкретні умови миру.,IR26JP,С.53,Окремий вимір процедурної легітимації угоди,https://www.iri.org/wp-content/uploads/2026/06/UKR-26-NS-02-PT-UA-Public.pdf
Q136,P114,Очікувані кордони,"На Вашу думку, якими будуть межі України у результаті закінчення війни?",Нинішня лінія фронту 32%; усі території 1991 року 31%; до 24.02.2022 — 16%; Донбас без Криму 7%; Крим без так званих ДНР/ЛНР 5%; повна окупація 1%; інше 3%; невизначені 7%.,"Усі, n=2404","Питання про прогноз, а не бажаний результат чи готовність погодитися. Сума 102% через округлення.",IR26JP,С.17–18,Для зіставлення очікувань і вимог; не використовувати як частку прихильників поступок,https://www.iri.org/wp-content/uploads/2026/06/UKR-26-NS-02-PT-UA-Public.pdf
Q137,P117,Території,Міжнародне визнання Криму та частини Донбасу як територій Росії як можлива ціна за досягнення миру,70% повністю або скоріше не приймають,Усі опитані серпня 2025,Інші категорії за 2025 на цьому графіку не наведені.,N1P,С.22,Окремий розподіл; перетин між двома вимогами не наведено,https://www.ndi.org/sites/default/files/2026-07/UKR_NDI-March-2026-Political-Survey_Public.pptx.pdf
Q138,P117,Мовна політика,Надання російській мові офіційного статусу в Україні як можлива ціна за досягнення миру,72% повністю або скоріше не приймають,Усі опитані серпня 2025,Інші категорії за 2025 на цьому графіку не наведені.,N1P,С.22,Окремий розподіл; перетин між двома вимогами не наведено,https://www.ndi.org/sites/default/files/2026-07/UKR_NDI-March-2026-Political-Survey_Public.pptx.pdf
